MedInc,HouseAge,AveRooms,AveBedrms,Population,AveOccup,Latitude,Longitude,Price100k
-1.4341450962257105,0.6534813977600219,-0.35503249746880394,-0.12285860065407503,-1.1421689255562582,0.2593008791404359,1.4074586650562373,-1.0153335553802731,-1.2318867962850775
1.148540577146987,-0.9749297603760906,1.9546805598458332,-0.26965685171586773,0.439080905456685,0.4969471474917856,-1.148565907116924,1.247496955365226,1.0569914417089892
4.643679266971227,0.00211693450557693,1.5775387607908142,-0.2420608458007904,0.9563852719414389,-0.22094406449526272,-0.6605975797020492,0.5099446602885325,2.4716300552596002
1.286479826505999,0.16495805031918817,0.8622709699607448,-0.5655041586244468,-0.964192754100256,0.0470194743622437,0.826543989562337,-1.251149595302753,1.2721115768588076
0.7980622803062327,-0.9749297603760906,0.23986000798846802,-0.21204099223991024,2.3958409004207537,-0.3254984391353698,-0.6094770882585863,0.45977103477311393,0.5493079227554182
-0.8521519821501221,1.1420047452008557,-0.6479349578034347,0.8698682009808449,-1.0492692756204327,0.16457006255468412,1.0124366857203846,-1.3314273961274325,-1.1122800011417784
-0.14744193950646378,0.6534813977600219,-0.003535461948680192,-0.23297323557541616,0.44005879650864105,0.12784163121300945,-1.3158693336591705,1.2274275051590613,-0.7809949930110582
-0.24383259410389854,1.3048458610144669,-0.5104048184323322,-0.5516835735539485,-0.24739861301646657,1.1695319912922684,-0.7535439277810746,0.6654828993863398,-0.37398769730760195
1.021705280967669,0.4906402819464107,0.5834318778288519,-0.5349531159622465,-0.33149724348468745,-0.3945503823329263,-0.6141244056625366,0.5149620228400771,0.8823138919673369
-1.6062303048931696,1.1420047452008557,-0.45160564076974574,0.2622907390660317,-0.49676083126526094,0.8678043374538079,-1.3298112858710214,1.202340692401352,-1.1518621060093448
0.15147856534031384,-0.32356529712164556,-0.3216251559328091,-0.37821298404313314,0.00685306049210808,-0.6301616252603014,-0.581593183834878,0.5350314730462488,0.04678728704544252
0.18134976333075725,0.5720608398532163,-0.36154929022511867,-0.07758407466182657,-0.31096153139361027,-0.6309114634777924,-0.7303073407613165,0.5500835607008686,0.9571756989994739
-0.7426763874207478,-1.3820325499101187,0.3128332315210233,0.8879205702204106,-0.28847003719862097,2.744414165504115,-0.27951755257805044,-0.4634236747106409,-0.7190403940879105
-0.030146659439276916,0.8977430714804387,-0.01873966076718341,-0.036096145388929,0.4234346486253881,0.5811680919340922,-0.7024234363376116,0.8762121265511104,-0.7009703027353259
-0.43583193476498705,-0.5678269708420625,-0.4386488047028809,-0.5646008881242637,-0.7040737342799449,-0.04284851299331759,-0.4235843921005388,-0.4634236747106409,-0.6983888611135279
0.2965597939745275,1.2234253031076612,0.4204000143431842,-0.17389533904533772,-0.7783934542286052,0.44513645234693516,-0.6698922145099531,0.7608127878656392,0.0175309486650674
1.1192949539835684,-0.16072418130803431,1.1073386647237886,-0.46609329919135206,-0.24348704880864236,0.030594327164517137,-0.7628385625889751,0.7658301504171839,0.6611703930333236
1.3826098249255063,-0.4864064129352568,1.190940075557567,-0.7452348919786704,0.0009857141803717422,0.029748248958310314,-0.8511375932640503,0.7858996006233556,1.1602491065809022
-0.13164617512408264,0.40921972403960505,-0.4004824891898413,-0.08342112098809926,-0.4488441697194142,-0.2661069687433921,-0.7117180711455122,0.5601182858039581,2.4716300552596002
0.04377543262084321,1.06058418729405,0.29223281655450484,-0.223603723971622,-0.2786911266790604,0.30018470524586605,1.007789368316431,-1.4468267348128965,0.514028220590848
-1.2235870356962137,0.4906402819464107,-2.0721141197939863,0.006995261430064143,1.1754328675795955,-0.6178327307946151,-0.6838341667218039,0.605274548767839,-0.4325003740683526
-1.176304005020241,0.40921972403960505,-2.3122454506235472,-0.22881530753158769,2.2041742542373663,0.8681143765799879,-0.697776118933658,0.6353787240770858,-0.884252657882971
-1.5910079841022282,-1.4634531078169244,0.7424944884324021,2.042979408023548,-1.2301791202323031,-1.1070796249094528,1.751360152948624,-0.3229375232674605,-0.8300423838252168
3.220027354369092,-1.6262942236305356,2.5723249637731485,0.14095912599248808,1.0913342371113746,0.32385428878058836,-0.8046644192245376,0.8611600388964834,2.274571406656961
-0.46007295931220565,-0.32356529712164556,-0.7302846282213832,-0.0256625961000785,0.8869550072525588,-0.9519249385813677,-0.6141244056625366,0.49489257263390546,0.44088737463990985
-0.2069236793094239,1.7933692084553006,-0.6881865690905339,-0.5860486835029926,-0.39506016186183107,-0.7203420420991504,1.031025955336189,-1.4919829977767773,1.1679934314462954
-1.21998998044082,1.3862664189212726,-0.7653292945945174,-0.33453556480144137,-0.26108908774385137,0.3497814778983542,-0.7396019755692205,0.6303613615255482,-0.9978360892420751
-0.5082943522287159,0.08353749241238255,-0.6107780346906607,0.23147023063608202,-0.843912154709661,0.32967467817437257,-0.7814278322047795,0.6805349870409667,-0.3963601913631831
0.49179127124191185,1.2234253031076612,-0.09408229179928006,-0.591624077466129,-0.30900574928969815,-0.164247443415815,0.7893654503307249,-1.2110106948904167,0.21716243408409858
0.02829245565197499,-0.24214473921483995,0.07109039653827644,-0.5678740634559358,-0.3813696871344463,-0.09136933664190827,-0.865079545475901,0.7708475129687287,0.1431611075925612
-0.9318606413602238,1.2234253031076612,-0.6940123124440549,-0.3437155523218476,0.35889383919628837,0.15242184135212994,1.4492845216917964,-1.1257155315141996,-0.9023227492355558
-0.38380496165074146,0.8163225135736332,-0.5829008233082915,-0.35252392341475547,-0.9505022793728711,-0.6450989104645254,0.9984947335085304,-1.3264100335758877,-0.2836372405446783
0.31240768959249415,0.4906402819464107,-0.34675720507983276,-0.4850548085920655,-0.09582549996327784,0.20466350784746554,-0.7070707537415619,0.705621799798676,0.19392945948791848
-1.160143321988762,0.16495805031918817,-0.7627188439286604,0.5033229203771825,-0.24739861301646657,0.5685503330148399,0.3013971229158499,-0.8046043282155024,-1.0064408946480679
-0.501673685309368,0.7349019556668276,-0.36251474100383185,-0.1469187773242415,-0.8214206605146717,-1.2378258958631583,-0.6373609926822945,0.605274548767839,0.514028220590848
0.19646782165052795,-0.649247528748868,0.5738800775713689,-0.08105191069527634,0.22101120087048443,-0.2542561836405353,1.1146776686073103,-1.2912884957150892,0.13283534110536993
-0.7809928455760289,0.16495805031918817,0.752480720121655,-0.34000547814897447,-0.982772684087421,-0.16882220554849836,1.839659183623699,-1.0052988302771908,-1.195746613579908
1.2742811173790112,-0.24214473921483995,0.46549095412172536,-0.11709638825506191,0.8253478709793273,-0.8706992998732751,-0.8557849106680006,0.6002571862162943,2.0129853223147816
0.936314317078757,-1.1377708761897019,1.0014772942135788,-0.15739076652051343,1.618417514115689,1.018465226250396,-0.7303073407613165,0.9063163018603644,-0.052167975123473695
-0.2224066562782926,-0.7306680866556737,0.2572692466428471,-0.0719203887848043,0.7588512794463155,-0.10612791404130113,2.2300338455555986,-0.5938751010507319,-0.9212533211287398
2.0280466527085466,1.956210324268912,1.842574837577311,0.19406308129166644,-0.8859614699437713,-0.01765407189634606,-0.7117180711455122,0.5149620228400771,2.4716300552596002
0.8146400132223954,-0.9749297603760906,0.5749947563490453,-0.3843855684445946,0.4009431544303988,0.7111951619945701,0.8451332591781414,-1.175889157029625,0.4847718822104725
-0.7158288010942584,1.956210324268912,-0.8657586713485208,0.3155412476618803,-0.9456128241130908,-1.3921300742193383,1.0682044945677978,-1.3765836590913063,0.3204200989560115
0.7732478121675745,0.7349019556668276,0.3032027108154122,-0.345035907743451,-0.6405108159028012,0.15432889319406246,-0.697776118933658,0.8009516882779755,-0.0917500799910405
-0.7064973099244689,1.06058418729405,-1.511838822878224,-0.5152897377436462,0.42441253967734416,2.0619059392434758,-0.7024234363376116,0.6654828993863398,-0.5400604416432617
-0.40106040062951437,0.4906402819464107,-0.8981778402122562,0.07588665432211807,-0.5701026601619652,-1.028390432136421,-1.2647488422157043,1.1320976166797618,1.4046255801110956
1.3404356553369046,-0.8120886445624793,0.8023998982265632,-0.43236233909033805,2.7605942628003626,0.6461657483139654,-0.7814278322047795,0.7156565249017655,0.9193145552131058
-0.6563470612912983,0.9791636293872444,-0.4506696768490592,-0.18875353922393817,0.7011557073809082,1.2949992835302966,-0.7767805148008293,0.6654828993863398,-0.9023227492355558
-0.12966518817183678,-0.4864064129352568,-0.48630996922732644,-0.15760475286898928,0.04596870257035034,-1.0658695901044046,-0.8883161324956591,0.7758648755202662,-0.12789026269620982
2.195961362529173,-1.0563503182828962,1.3932280666697143,-0.4035606618060182,0.9065128282916799,0.15167010795731914,-0.8929634498996093,0.9163510269634466,0.9795481930550548
0.3491602106802127,-1.0563503182828962,-1.302863799470571,-0.43615832052043746,-0.9622369719963438,0.08653374301749162,0.7614815459070199,-1.090593993653408,1.4880921925492254
-0.67031823242819,-0.7306680866556737,0.05306959275682657,0.05850953030891019,-0.020527888962661497,-0.13287498757665855,0.24098199666448308,0.24904180760834332,-1.2482359265564635
1.6344558240386529,1.956210324268912,2.3310337834359958,0.35533344818579626,-0.706029516383857,-0.08085901790276381,1.1193249860112606,-1.5170698105344866,2.4716300552596002
-1.0363316374733982,1.1420047452008557,-1.6454257018867142,-0.24043014459206163,1.982192985443342,0.09983255218470206,-0.7024234363376116,0.605274548767839,0.3204200989560115
-0.5935289224108716,0.4906402819464107,-1.2093738410311212,-0.6437050107002661,0.037167683102745826,-0.14798286381099318,-0.7303073407613165,0.5300141104947041,0.9348032049438925
-1.128343268281658,0.40921972403960505,0.22233443922897222,0.7944873105332017,-1.0815396803349826,0.7629727574495967,-0.3771112180610261,1.1973233298498074,-0.9703007119428984
-0.9704377556934319,0.7349019556668276,-0.466186980753594,0.5681003191045537,-0.7881723647481658,0.19050597944379927,1.0031420509124807,-1.441809372261359,0.22834868111188905
-1.0453503412296752,0.5720608398532163,-0.4452595518617878,0.04226025884706734,-0.6444223801106255,-0.44213731384487875,-0.7117180711455122,0.590222461113212,-0.6424576259745752
0.6818617561863396,-0.24214473921483995,0.42198199652083473,-0.2023176478364889,1.0903563460594186,0.8556929655005815,0.9194903376413591,-1.26620168295738,0.08895083353480686
0.7023493317714081,-1.8705558973509524,0.7606101767401361,-0.4487631805998696,1.966546728612045,0.5986447638127407,-0.8697268628798547,1.071889266061254,-0.3791505805511976
2.0303925583098903,0.16495805031918817,1.474999567140117,-0.4971280155233318,-0.9094308551907168,-0.6549068990504238,-0.7767805148008293,0.8109864133810649,1.197249769826671
-0.9940532054136255,0.00211693450557693,-0.933666518398127,0.15703452084036978,1.3925246811138399,1.4598950809108369,-0.7024234363376116,0.9012989393088197,-0.855856800043195
2.2628457377852618,-1.300611992003313,1.498720447912398,-0.09438157995750097,0.6219465321724675,0.5012462268658052,1.0449679075480431,-1.1508023442719086,2.3459912915267007
-0.4675798572365057,-0.32356529712164556,-1.6924835293550509,-0.5038113979317129,1.6800246503889205,4.092159576524476,-0.8464902758600966,0.8160037759326024,-0.5254322724530742
-0.7152032262672334,1.956210324268912,-1.087121478462856,-0.008220735985151897,0.17113875722072555,0.1859596643711531,1.0263786379322386,-1.4468267348128965,-0.16316996486078014
0.03929214636049767,1.711948650548495,-0.2639443153032458,-0.2082896627437972,-0.34225404505620405,-0.35691910853560677,-0.6791868493178537,0.705621799798676,0.6009367551913746
-1.4834612450895142,1.1420047452008557,-1.19087786078969,-0.2927572166144608,-0.5417438196552395,1.2114636713326818,-0.7581912451850249,0.6403960866286306,-1.095930870870392
1.2730820989605467,1.956210324268912,0.6596701196380612,-0.0825939607347397,-0.14080848835325643,-0.3346874960388608,-0.6420083100862448,0.7006044372471385,0.8444527481809688
-0.49948417341478046,-0.24214473921483995,-0.6802643241191068,-1.2149330429459413,-1.0042862872304543,0.1891716883756478,-1.1067400504813651,1.1822712421951804,0.013228545962070744
0.5575287593151215,0.8163225135736332,0.7925195231126867,-0.1698483730055016,-0.27086799826341196,-0.44761109206578303,1.4028113476522839,-0.9300383920040559,-0.1812400562133648
-0.4432345702181163,-0.8120886445624793,0.3157593357296326,1.5352419466155418,-0.775459781072737,-0.48706664394706045,2.9364260909561826,-2.1592922171318807,-0.8266004616628198
-0.18070166780995947,-0.07930362340122869,-0.027558801812420586,0.007601921055804447,1.4140382842568733,-0.6417210267233556,-0.6605975797020492,0.7758648755202662,0.19306897894731892
-0.6820477604349087,0.5720608398532163,-0.6097850749709461,-0.08275830620379647,-0.6747370027212632,1.3268230052266576,-0.7814278322047795,0.6504308117317128,-0.8859736189641695
-0.09150512372331204,-1.2191914340965073,-0.8625027648121866,-0.15310666758855315,-0.42537478447246885,-0.9337314602292165,0.7893654503307249,-1.1809065195811628,-0.06937758593545917
-1.4285149227824856,-0.32356529712164556,-1.6111616875442598,0.062690219429413,0.17309453932463767,0.14034511391842303,-0.5351200097953686,-0.16739928416965313,0.9657805044054664
0.7040175313101418,-0.9749297603760906,0.4342080090311475,-0.30618649926508756,1.1451182449689576,-0.1788651800837095,-0.7860751496087331,0.8762121265511104,-0.37140625568580427
-0.5604255878141323,1.956210324268912,-1.1488470393125596,-0.2603685172507752,0.00685306049210808,-1.2080477784491785,1.0170840031243347,-1.451844097364441,1.6111409098549212
0.23295968656031954,1.3048458610144669,0.10344424707633026,-0.6081208683135073,-0.7275431195268902,-0.104018952039395,-0.7814278322047795,0.5852050985616674,1.062154324952585
-0.5955620405987028,-0.24214473921483995,-0.8490098838445408,0.3470528320947424,0.044012920466438225,0.44921576980756517,-0.7442492929731708,0.5852050985616674,-0.3679643335234071
-0.5033418848481014,-0.8935092024692849,-0.6720138988172317,-0.38467229881261616,0.20438705298723148,0.18555715541755805,-0.7860751496087331,0.7708475129687287,0.036461520558251234
-0.8779569437649033,-1.4634531078169244,-0.7086453768639605,-0.6112032823841681,-0.7999070573716385,1.7098366272645886,1.1472088904349689,-0.9049515792463466,-0.7405524076028925
0.869690598000595,-0.16072418130803431,1.5281049232938704,-0.21005541113957152,-0.7823050184364294,-0.21651726723552228,1.3981640302483336,-0.9200036669009736,-0.7164589524661128
-0.9217993128922384,-0.7306680866556737,-0.5932828837157463,-0.42325905206229486,-0.202415624626488,-0.6456422893335497,-0.27951755257805044,-0.44837158705601393,-0.6949469389511309
0.18906518619739893,-1.5448736657237299,0.5506599840499956,-0.0513661185912476,1.1040468207868033,0.6204596110905459,-1.0695615112497563,1.1371149792312996,-0.33440559244003537
-0.8340103121663973,0.7349019556668276,0.591526326208814,0.7481433832144544,-0.6972284969162525,-0.28782091138810906,-0.4282317095044891,-0.46844103726217845,-0.5572700524552472
0.11675916244042642,1.956210324268912,-0.9981448514313271,0.4426038647026098,-0.29433738351035726,-1.922319190991472,1.0356732727401392,-1.456861459915986,2.4716300552596002
-0.17392460718385538,-0.5678269708420625,0.27520263105855103,-0.27106143713639347,0.43321355914494863,0.44084793911909254,-0.6838341667218039,1.0618545409581717,-0.7069936665195207
1.5005306798197182,-0.5678269708420625,1.0209229370246489,-0.5347979890978357,-1.0297114545813117,-0.43890991733540974,1.3191596343811622,-1.5672434360499123,1.121527482253935
-1.1370491846244228,1.2234253031076612,-0.6922182671412835,-0.3053452538003707,0.22883432928613287,0.8443016306490163,-0.7117180711455122,0.690569712144049,-0.46433815407052564
-0.5653259239591614,-0.5678269708420625,1.6592662226189858,1.0147234366459044,-1.242891703907732,0.2915775839605124,1.1332669382231149,-0.8648126788340104,-0.6691325227331527
3.277163188570708,-0.32356529712164556,1.8201983362512806,-0.4035606618060182,-0.5925941543569545,-0.15022105793569127,0.7893654503307249,-1.251149595302753,2.4716300552596002
-1.1399685338172059,-0.649247528748868,0.18048236125248315,0.5588464050006435,-0.9201876567622334,-0.6343027485925283,2.4112792243096957,-1.5220871730860315,-1.1897232497957129
-0.260775245669159,1.956210324268912,-0.40624591195613124,-0.060177557872573464,-0.7471009405660114,-0.8898124856675161,1.0542625423559435,-1.3715662965397688,-0.18382149783516272
-0.4163869838916267,-0.7306680866556737,-0.45974210671598237,-0.6670128756246008,0.3940979170667064,0.6144648433524096,0.636003976000336,-1.1357502566172888,-0.20361255026894592
-0.7693154488048954,-1.0563503182828962,-0.8462123609901612,0.43381458803489004,-0.5172965433563381,-0.4412365906436132,0.5477049453252641,-0.1272603837573169,-1.053767324381028
-0.6901802331862336,0.16495805031918817,-0.09251172107887431,-0.2951349729490445,-0.7588356331894841,-0.06092651417462546,1.825717231411845,-1.000281467725646,-1.2835156287210336
-1.4570307086477081,-0.9749297603760906,-0.9182600956789356,0.09088700554419192,-0.48111457443396405,-0.020134446075574536,-1.283338111831512,1.9850492504419266,-1.2060723800670992
-0.432808323101033,-1.1377708761897019,0.6759510593926064,1.2023162461795158,-0.9544138435806954,0.9105897368664682,2.383395319885987,-1.1558197068234535,-1.0778607795178075
-0.604111563234711,0.9791636293872444,-1.0701957748865918,-0.12938655556458498,-0.19165882305497137,2.3510315170926557,-0.7349546581652702,0.6705002619378845,-0.47122199839531986
0.5484057930876736,1.2234253031076612,-1.1463704713408716,0.10987128376520273,-0.6395329248508452,-1.3614170772099146,-0.7953697844166336,0.5551009232524133,1.9123090990646665
0.911916898824782,0.5720608398532163,0.19157572618472482,-0.5310145706533868,-0.0039037410794085397,-0.4224645453744331,0.7986600851386287,-1.2411148701996706,1.1473418984719128
-1.2787418829455843,1.4676869768280782,-0.40167769990586555,-0.01842316955398769,-0.0831129162878491,-0.5795224495744157,0.5523522627292144,-0.1372951088603992,-1.3230977335886005
-0.4110695978619143,-1.7891353394441467,1.1430697440196669,1.8296491064746334,0.474284983327103,-0.3415332503647752,-0.46076293133214763,1.2173927800559792,-0.8601592027461915
-0.48238512814276396,-1.7077147815373412,-0.11057507725249326,-0.07828359523509723,0.7529839331345791,-0.699187962494371,2.3322748284425243,-1.411705196952105,-0.9556725427527109
-0.21312729634408834,1.6305280926416894,0.3928422184856262,-0.24615763686100225,-0.6493118353704057,-0.6099580403908973,-0.07503558680419857,0.269111257814515,-1.1028147151951864
-0.520336667648947,1.4676869768280782,-0.6475378211568139,-0.4428298620707979,-0.7109189716436373,-1.317798008708914,1.3888693954404296,-0.9601425673133098,-0.9961151281608766
0.07859909799190168,-0.32356529712164556,0.024651562766125335,-0.06313475785578976,1.0639532876566051,1.901177938161684,-0.7814278322047795,1.011680915442746,-0.7655063432802713
-0.7165065071568688,-0.16072418130803431,0.28862074156854095,-0.2970291566700396,-0.2982489477181815,0.6164186372902742,0.49193713647784765,0.09350356851053596,-1.0374181941096416
-0.19821776296665927,0.3277991661327994,-0.4831448666778838,-0.30608213253138944,-0.2698901072114559,1.0171634434420522,-0.6187717230664901,0.5801877360101226,-0.41443028271576793
0.032515085734393594,-1.0563503182828962,1.0264317316823137,0.11656374562258254,-0.1818799125354108,0.18414678703486675,1.7048869789091112,-0.739378615045457,-0.1812400562133648
1.3043608403117968,-1.2191914340965073,1.0446140492837463,-0.2184572673421863,0.7598291704982715,0.08650153271110977,-0.6187717230664901,0.3393543335361052,0.6723566400611141
0.5591448276182698,-0.16072418130803431,0.47404835875122947,-0.566548955378114,-0.5045839596809094,-0.5352960637150935,1.1936820644744817,-0.8898994915917197,-0.5082226616410888
0.15841201967317378,1.4676869768280782,0.7817083518902564,0.33947420594912475,-0.497738722317217,-0.5288605813412446,-0.8000171018205839,0.7006044372471385,0.8573599562899581
-1.4884658437057143,-0.8120886445624793,0.08548459065596709,1.5227572328491914,-0.6023730648765151,-0.4165598711649494,1.4306952520759921,-0.9601425673133098,-1.224142471419684
0.12520442260526363,0.08353749241238255,0.3267121746954196,-0.19805368295424544,0.6287917695361599,-0.019087586135667044,-1.36234250769868,1.2374622302621436,-0.3696852946046057
-0.5761692209609279,0.9791636293872444,-0.6004950134389471,-0.07683124189705921,0.15940406459725287,0.9528152041851969,-0.7628385625889751,0.6203266364224589,-0.7964836427418452
-1.003749615232513,1.956210324268912,-1.6054474317637697,0.9438092317233081,-1.0091757424902346,-1.5997107431829285,1.0263786379322386,-1.451844097364441,-0.4325003740683526
0.0068665178263685595,-0.649247528748868,0.09547548360051966,0.05684318615815053,-0.24935439512037869,-0.19156748351757372,-0.2888121873859543,1.2876358557775693,-1.0692559741118148
1.4453237013347624,-0.4049858550284512,1.1471191390604372,-0.2803256105685797,-0.4869819207457004,-0.05356010721513913,1.0403205901440895,-1.3314273961274325,0.6284721324905513
-0.7333448962509582,0.2463786082259938,-0.49705814992431163,0.047361184712663984,-0.04399727420960685,0.3271287370956683,1.3331015865930165,-1.6023649739107038,-0.7026912638165245
-0.4349978349956205,1.06058418729405,-0.5918396292449504,-0.7474574278246285,-0.862492084696826,0.04203866187859746,1.0124366857203846,-1.3163753084728056,-0.7069936665195207
-0.3949610460660207,-1.3820325499101187,-0.29177352939993073,-0.08968472069975511,0.353026492884552,-0.2536053029095008,-0.1122141260358074,-0.6540834516692398,-0.254380902164303
-0.1159546732128723,-0.9749297603760906,-1.8997219851607596,-2.4645047423689683,-1.1157658671534447,1.4105033510564848,-0.6327136752783409,1.0769066286127986,-0.6476205092181709
0.9185375657441303,0.7349019556668276,0.3204672459739068,-0.3091188468390093,-0.8507573920733533,-0.28326952338022043,-0.7907224670126834,0.5852050985616674,1.0148278952196248
-0.8368253988880098,0.40921972403960505,-0.7782750685164695,2.092320315665475,-0.9710379914639483,3.172889209424978,-0.7163653885494624,0.7858996006233556,-0.6837606919233404
2.322588133766149,-2.0333970131645636,1.1040049918616477,0.1339539233785538,0.8576182756938772,-0.4244616548848643,-1.208981033368291,1.1622017919890157,2.19282575530003
1.0869735879206102,-0.8120886445624793,0.8055076211828472,-0.556439242766229,0.31684452396217794,-0.32736037745563173,0.03185271348668094,0.9263857520665288,-0.924695243291137
1.2818401465388964,0.4906402819464107,-0.025572419232895518,-0.566548955378114,-1.157815182387555,-0.07700156140422791,-0.7907224670126834,0.605274548767839,0.34021115138979485
-0.5501036031682198,-0.16072418130803431,-0.05187263010129189,0.07072902772657473,-0.15841052728846544,-0.5912706754667804,-0.01926777795678202,-0.5838403759476496,-0.26986955189508993
-0.38792332926198947,0.00211693450557693,-1.149161426172987,-0.622053076972936,-0.8898730341515956,-0.02467596705133194,-0.6791868493178537,0.7307086125563924,-0.2173802389185343
0.4556121937456325,-0.8120886445624793,1.3254794004984751,-0.1116305182079978,0.7568954973424034,0.42192765409314537,1.4632264739036507,-0.8547779537309281,-0.3636619308204107
-0.3231763346649023,-1.1377708761897019,0.8024041327663124,0.4743106491324914,1.3817678795423234,-0.23162073934561217,-0.22839706113458746,-0.5186146627776042,0.580285222216992
-0.9412963950011842,-0.649247528748868,-0.4373371763541111,-0.16879166520621203,0.3940979170667064,0.9741483840747687,1.941900166510625,-1.2461322327512152,-1.3256791752103982
-1.118073414871331,0.08353749241238255,-0.5880084920161545,0.23485918846735415,-0.6033509559284711,0.0770210046270577,0.5198210409015559,-0.11722565865423464,-1.1923046914175108
0.7858114399436598,0.5720608398532163,0.5405462440197467,-0.43302210262663016,-0.36767921240706153,0.22652230135911466,-0.8186063714363917,0.7758648755202662,0.1268119773211749
-0.06637786817114134,0.2463786082259938,0.19678296323950797,-0.08075329148128373,-0.5740142243697894,-0.6742131502668768,-1.2740434770236082,1.1622017919890157,-0.006562506471712272
-1.7955188213038167,-0.9749297603760906,-0.5794998035196424,2.122757888561469,-1.417934202207866,-2.704776513503221,-0.7070707537415619,0.5450661981493311,1.1809006395552848
0.050396099540191405,0.3277991661327994,0.0215737604609366,-0.44098760329294395,-0.6023730648765151,3.979729054734544,-0.8511375932640503,0.8210211384841472,-0.42045364649996275
0.3016165238263126,-0.8935092024692849,0.46675888139517274,-0.30182971346907195,-0.687449586396692,-0.5377965358681107,1.3331015865930165,-1.5772781611529947,-0.14079747080519903
0.19182814168342605,-1.5448736657237299,0.2908404114510631,0.12076960336459283,-1.0209104351137073,-1.2584147409054702,-0.09362485642000298,0.23398971995371634,-1.0116037778916636
0.7104296732871479,-0.8935092024692849,0.6447669624330463,-0.35386259196272285,1.1069804939426715,-0.15959078177585262,-0.865079545475901,0.7909169631748932,0.16467312110754295
-1.162645621296862,0.16495805031918817,-1.0998558311829505,0.012024207951403916,-0.38234757818640236,2.0141196489903757,-0.7349546581652702,0.6454134491801752,-0.8377867086906103
-0.6355988295283026,1.1420047452008557,-1.4961412045635478,-0.20577059736443562,-0.20045984252257587,1.8226343720331157,-0.7117180711455122,0.6805349870409667,-0.7982046038230438
-0.24742964935929246,-0.4049858550284512,-1.1043948347792083,-0.4900126274079473,0.0009857141803717422,-0.2342586185201703,-0.8418429584561464,0.6153092738709213,-0.08314527458504756
1.1715304520401557,0.4906402819464107,0.5755881842010435,-0.5294270664506618,1.3807899884903674,-0.49835935019773286,1.0774991293757017,-1.3113579459212608,1.562953999581362
-0.1634462288311866,0.8163225135736332,-0.12009005046892585,-0.4484729915903288,-0.8497795010213973,-0.44117534146592724,1.3284542691890662,-1.6726080496322941,0.2722331886824521
-0.37160625252375423,0.00211693450557693,-0.32476591947558936,-0.2763169153027231,1.1275162060337487,-0.2707302557311111,1.096088398991506,-1.4016704718490156,-0.7199008746285099
-1.0036974839969275,1.3048458610144669,-0.9851009588547487,0.5425895288721525,-0.20534929778235617,-0.681500679115785,0.8311913069662873,-1.1859238821327074,-0.16316996486078014
-0.41190369763128093,1.956210324268912,-0.4239832170404738,-0.31293039990942645,2.2276436394843118,1.5055242331837488,-0.7396019755692205,0.6604655368348022,-0.38861586649778973
-0.9237281686088988,1.956210324268912,-0.84385179618282,0.05576998371534273,-0.8859614699437713,1.9199951378857856,-0.7117180711455122,0.6604655368348022,-0.5718982216454348
0.3361274017838584,0.8977430714804387,0.270637867098189,-0.03574416788278275,-0.7187421000592857,-0.2505721245881992,-0.6745395319139034,0.7557954253141017,0.05367113137023671
0.0609787403640308,1.956210324268912,-2.163241351767226,4.274807024059697,-1.380774342233536,-1.7621771894058127,-0.7024234363376116,0.6353787240770858,2.4716300552596002
2.176360017949056,-0.9749297603760906,1.2944422690068198,-0.595060027139996,-0.4165737650048643,0.04773005891554426,1.0403205901440895,-1.2310801450965883,1.1266903654975304
0.3938366795769141,-0.32356529712164556,0.44204089822127635,-0.41428812911118795,0.35400438393650807,1.101716022140852,-0.7024234363376116,0.9163510269634466,-0.4325003740683526
-0.987224013551936,0.9791636293872444,-0.08868696267713717,0.4511142706566138,-0.8595584115409579,-0.12207809572364732,-0.4282317095044891,-0.4634236747106409,-0.871345449773982
0.6247259219847235,-0.9749297603760906,1.0102097246904045,0.1738835782779791,-0.5779257885776137,0.15125076729037193,-1.0602668764418524,1.1822712421951804,1.4115094244358897
5.744795225006391,1.2234253031076612,0.22016497428647042,-1.6667199369897618,-1.364150194350283,0.8214534880900952,0.8823117984097503,-1.175889157029625,2.4716300552596002
-0.09207856731475168,-1.1377708761897019,0.33046356432869284,-0.01154571433520069,0.08508434464859259,0.44609767082903773,-0.8046644192245376,1.2123754175044343,-0.6295504178655863
1.1547441941816514,-1.1377708761897019,0.8914915660146999,-0.7374134090932398,1.28593455645063,-0.27654335058457497,1.277333777745603,-1.4066878344005602,0.39700286706934673
1.237580727526878,-1.6262942236305356,0.564828456043586,-0.881512819983651,0.2640384071565509,-0.05492447352798538,-1.2136283507722412,1.2073580549528897,0.04592680650484335
0.24588823298550277,-1.1377708761897019,0.04284500198606422,-0.12400901893748487,0.0332561188949216,0.11268879781973576,-0.4328790269084393,-0.3379896109220875,0.130253899483572
0.09230961295086618,-0.7306680866556737,0.5401182645505443,-0.15879623478079524,0.2190554187665723,-0.06607213138720619,-0.4328790269084393,0.6755176244894221,0.13197486056477076
-0.5985335210270716,0.08353749241238255,-0.36163447705853446,0.1314244429776842,-0.5026281775769973,-0.23731736149316657,1.0356732727401392,-1.3414621212305147,-0.5400604416432617
0.9220824897639381,0.6534813977600219,0.3109856277215139,-0.5365247960358858,-0.5036060686289533,0.15978103927853496,-0.604829770854636,0.5249967479431594,0.21716243408409858
-0.6578588671232753,1.6305280926416894,-0.9799178272077348,0.09326636294157696,0.34618125552085965,0.4872338985222849,-0.823253688840342,0.6654828993863398,-0.19242630324115545
-1.0745959643930936,0.00211693450557693,-1.523904932635976,-0.13068304835169084,0.7148461821082929,1.0420765740858597,-0.697776118933658,0.73572597510793,-0.4032440356879773
-0.8636208539789139,-0.5678269708420625,-1.14623546518915,0.0065744805309812795,2.0291317559372324,1.2537411815357526,-0.6931288015297078,0.7557954253141017,-0.4858501675855076
0.05920627835412661,0.7349019556668276,0.41686017742030496,-0.16920829164205928,-0.12516223152195954,-0.6095752396679088,1.1936820644744817,-1.3615315714366794,-0.738831446521694
1.3841737619930687,1.06058418729405,0.6927773382862968,-0.06405540207283891,-0.1975261693667077,-0.5923108345971716,0.8776644810058,-1.3063405833697161,2.4716300552596002
1.841051910663658,-1.3820325499101187,1.3315898993854147,-0.5439116923819898,-0.034218363690046286,0.4012586086731783,-0.6234190404704404,0.3443716960876428,1.2832978238865984
0.3012516051772146,-0.24214473921483995,-0.9824464602755747,0.9147065030564006,0.07041597886925174,-2.0246326228399663,1.0403205901440895,-1.4367920097098141,2.4716300552596002
-0.6304899684409319,0.16495805031918817,-1.1725045447293534,0.18606485264240843,-0.09191393575545362,-0.6321426900704156,-0.6466556274901951,0.575170373458585,-0.17607717296976916
0.5589363026759276,-0.8120886445624793,-0.11628694561887322,-0.14195962848394117,-0.22392922776952123,-1.4038725201189106,1.0914410815875524,-1.4317746471582695,0.4907952459946675
-0.18518495407030525,0.2463786082259938,0.05568200576475782,-0.5128068693894771,-0.8703152131124745,0.10792022572303402,1.4585791564997004,-0.9751946549679368,-1.045162518975035
0.44727119605196586,1.3862664189212726,0.09016099286535968,-0.5719818984971834,-0.9280107851778818,-0.19042120801929144,0.905548385429505,-1.366548933988224,0.6594494319521252
0.1671179360159384,0.7349019556668276,0.338135944649383,-0.7052106379693,-0.5260975628239426,-0.2746296856692807,1.1425615730310188,-0.9049515792463466,-0.7999255649042423
-0.6994595931204376,-0.16072418130803431,-1.1343655308958516,-0.4799504235881883,1.2937576848662782,3.7291279780883024,-0.8511375932640503,0.8360732261387741,-0.28019531838228123
-1.3085088184648572,1.06058418729405,-0.536209680209838,0.10170304826747972,-0.600417282772603,0.050501338673419854,1.3842220780364793,-0.9651599298648545,-1.3291210973727954
-1.1916827195179391,0.2463786082259938,-1.0044439507552916,0.37593539648580926,2.420288176719655,0.8528002878456524,-0.7349546581652702,1.0919587162674256,-1.091628468167396
0.11973064286879517,-0.5678269708420625,0.621488656807483,0.060592352697194624,-0.15841052728846544,0.5313231866923113,-0.7349546581652702,1.0166982779942908,-0.6372947427309796
-0.12815338233985976,1.4676869768280782,-0.3655144559518154,-0.12733448773394695,-0.31291731349752233,-0.4591927846486085,-0.6373609926822945,0.6002571862162943,0.07948554758821513
-0.6648965839273066,-1.6262942236305356,-0.7623930038377853,-0.5589126078022615,0.9661641824609993,0.758825811570614,-1.3809317773144842,1.2274275051590613,-0.5142460254252835
-0.816442085774112,-1.2191914340965073,0.012490837960703669,-0.14715818206722858,0.14180202566204386,-0.6993333120779236,2.360158732866233,-1.4367920097098141,-1.1535830670905436
-1.0239244034040693,-1.3820325499101187,-1.0353058637657333,0.18075791446945458,-0.9280107851778818,0.5805309413973839,-0.4282317095044891,-0.46844103726217845,-0.808530370310235
4.404501158105337,0.4906402819464107,2.899743440268357,0.21217289168856673,-0.6287761232793285,-0.06381323040247638,0.9380796072571636,-1.426757284606732,2.4716300552596002
-0.595979090483386,0.8163225135736332,-0.5317586227550981,-0.32814816776519745,0.36182751235215654,0.5468606261879545,-0.6931288015297078,0.9464552022727005,-0.8739268913957797
1.7296995914532083,-1.951976455257758,1.2281908001443198,-0.35106573088929116,2.1494123553278275,2.1909289229268447,0.8218966721583835,-1.1457849817203711,1.1206670017133358
-1.346825276620138,-0.5678269708420625,-0.988283221440395,-0.8020785176386354,0.01565407995971259,1.4506901215648613,0.25027663147238693,-0.026913132726472753,-1.4306578011635094
0.4745879634987243,0.6534813977600219,0.6642950635702789,-0.14977523665494613,-0.7529682868777478,0.20049537583810548,-0.7953697844166336,0.5852050985616674,1.046665675221798
-0.03853978836852907,-0.649247528748868,0.06507823196500974,0.0004601787983781239,1.1079583849946275,-0.6408740503022576,1.416753299864138,-0.9099689417978913,-0.4359422962307497
-0.08743888734764955,0.6534813977600219,-1.3779620779004826,-1.1253659619110148,-1.2321349023362154,3.1386903462799887,-0.7256600233573663,0.8059690508295202,-0.6579462757053622
-0.4079417237267893,0.2463786082259938,-1.1578029775055816,-0.6992620697370728,-0.7324325747866706,-1.4275470605530585,0.4733478668620432,-1.190941244684252,0.6585889514115256
0.03204590461412455,-0.4049858550284512,3.5548214967024365,4.786563162758477,-1.089362808750631,-0.7961693254181075,1.570114774194527,-0.22760763478816107,-0.9763240757270933
-0.23225945980393622,0.6534813977600219,-0.7972162131478995,-0.2326067749390469,-0.11733910310631109,2.521744188433391,-0.6001824534506823,0.5450661981493311,-0.4703615178547207
-0.8311430942091994,0.2463786082259938,-1.094505126528315,-0.20872889699618602,0.032278227842965544,1.0606869306928828,-0.6931288015297078,0.6604655368348022,-0.5133855448846844
0.290251914468692,0.08353749241238255,-0.15786526918090515,-0.517358794705454,-0.47818090127809587,1.7012844755616747,-0.7767805148008293,0.7307086125563924,-0.23631081081171834
0.10445619084226812,1.3048458610144669,0.7471330075872729,-0.12415215853956807,-0.9192097657102773,-0.7251138277760178,-1.3112220162552168,1.1521670668859265,0.43916641355871106
-0.3020110530172233,-0.4864064129352568,0.5752725395014878,-0.06757967812543147,-0.15743263623650938,0.4281688565324286,1.021731320528285,-0.8648126788340104,-0.2612647464890972
-0.2412781635602133,0.6534813977600219,-0.5472134101835626,0.07324831878084448,-0.09386971785936572,-1.0913588554384874,-0.6280663578743907,0.6504308117317128,0.4753065962638808
-0.4965126929864117,-0.16072418130803431,0.2981767550766287,0.3997874964698359,-0.7715482168649128,-0.21710688530986444,-0.6931288015297078,1.071889266061254,-0.9978360892420751
-1.237141156948422,-0.07930362340122869,-0.7879337305668496,-0.2067046708682924,-0.8468458278655291,-0.507934558812109,0.6545932456161404,-0.27276389775203486,-1.3575169552125712
-0.23992275143499242,0.3277991661327994,0.3614428767096839,0.08804727231954637,-0.323674115069039,0.09466060644559748,0.6499459282121901,-1.2561669578542976,0.614704443840963
1.2724565241335217,-0.7306680866556737,1.4937184423669336,-0.7368197046204534,0.12811155093465906,0.5089531789757199,-0.9115527195154137,0.9213683895149913,0.6482631849243343
2.089561510699338,-1.8705558973509524,4.893147128331775,13.321513253623314,-1.3064546222848756,-1.4828382780386975,-0.8464902758600966,1.5485387084577584,1.6395367676946977
-0.8886959782954991,-0.5678269708420625,-0.8726944588950357,-0.5951634732102942,0.6415043532115887,0.00837065430795282,-1.3855790947184379,1.2123754175044343,-0.75518057679308
-0.9772669475551214,0.4906402819464107,-0.7409855062222359,-0.36431687849933925,-0.12418434047000347,-0.46668473199384586,-0.3074014570017587,1.262549043019853,-1.2112352633106949
-0.820195534736262,1.956210324268912,-1.227233935554237,0.060919430414012765,-0.5613016406943607,-1.207383465448972,-1.3158693336591705,1.1822712421951804,0.01925190974626576
3.5334403427086154,-0.24214473921483995,2.2588892814932127,-0.10040243576191944,-0.8302216799822761,0.07941204427654519,0.7847181329267746,-1.236097507648126,2.4716300552596002
-0.7124402707812064,0.00211693450557693,-1.065082139058192,-0.30044561893387683,-0.9064971820348485,-1.4302858119513038,-0.6838341667218039,0.5852050985616674,1.4674406595748428
-0.310873363066744,0.6534813977600219,0.17580234792169339,-0.42632028838590463,-0.7637250884492643,0.08803079680687921,1.2540971907258451,-1.2712190455089245,-0.9195323600475414
-0.8413086851483556,-0.649247528748868,-1.128240812948423,0.26079992583387474,0.4077883917940912,0.34347346229867387,-0.6931288015297078,0.7006044372471385,-0.17693765351036853
-0.4445378511077517,0.08353749241238255,-0.5784465158478704,0.007394180589526689,0.6346591158478962,-0.936305902013659,-0.8186063714363917,0.605274548767839,0.6336350157341468
0.28180665430385476,-1.4634531078169244,0.5876700090422922,0.09763926507653882,-0.42733056657638097,-0.28380732019576876,1.7699494225644283,-0.28781598540666187,-0.821437578419224
-0.9403580327606466,-0.32356529712164556,-0.6418800945213059,-0.20317278812247794,2.486784768252667,-0.8478053354255779,-0.7163653885494624,1.011680915442746,-0.666551081111355
1.0293164413631397,-0.8120886445624793,0.7991728478419903,0.11625796995683972,-0.8859614699437713,-0.8637424922741466,-1.2136283507722412,1.1471497043343888,1.0027811676512353
0.9452287583638632,1.956210324268912,-0.8141365509484021,-0.05395479981117682,-0.48307035653787617,-1.6868904805241316,1.0403205901440895,-1.456861459915986,2.4716300552596002
-1.0266352276545108,-1.0563503182828962,1.1878718974191036,4.463998156850753,-0.9172539836063652,-1.3109076069966739,-1.0044990675944392,1.7743200232771559,-1.363540318996766
0.25198758754899614,1.1420047452008557,-1.1464732575963297,-0.9698044748194202,-0.24446493986059842,0.6152721236790917,-0.772133197396879,0.6203266364224589,-0.4368027767713489
-0.602234838753636,1.06058418729405,-0.7914967036787679,-0.12285860065407503,-0.2874921461466649,0.1360004512034256,-0.6234190404704404,0.5450661981493311,-0.380011061091797
-0.7018576299573668,-1.2191914340965073,-0.8449534606753274,-0.4208051570303693,-0.4087506365892159,0.7079066843587181,-1.092798098269511,1.1421323417828442,-0.824019020041022
-1.4566657899986104,-0.32356529712164556,-1.3443085112495614,-0.47301271817350954,-0.8869393609957275,-1.3233668221573858,1.3888693954404296,-0.9751946549679368,-1.2542592903406586
0.2007947142041176,0.2463786082259938,-0.13804743495299276,-0.26320963123004715,-0.4527557339272384,-0.25174694717743584,-0.6373609926822945,0.48987521008236784,0.09497419731900186
-0.6634890405665004,0.08353749241238255,-1.1770208226022891,-0.15709055933114116,0.1545146093374726,-1.6969403416798587,0.905548385429505,-1.3715662965397688,0.9554547379182751
-0.27208772379119434,0.00211693450557693,-0.7268064731155053,-0.06145502477708799,-0.8077301857872868,0.38067473789093065,-0.8000171018205839,0.6604655368348022,-0.3998021135255802
-0.24101750738228614,0.08353749241238255,-1.2789448897775044,-0.22211236813321486,-0.24935439512037869,0.43435593566921,-0.8883161324956591,0.8009516882779755,0.10529996380619315
-0.39897515120609767,-0.4864064129352568,-1.127464109467278,0.3518581204117093,-0.22392922776952123,-1.7848904261310516,-0.6884814841257575,0.5801877360101226,0.750660369255648
-1.2250467102926055,-1.1377708761897019,-0.6598681228971409,0.18676000448588173,0.8791318788369104,-0.0005887692182004004,0.041147348294581505,-0.5838403759476496,-0.5839449492138247
0.11232800741566618,-1.3820325499101187,0.1407625573909094,-0.6249390914773962,-0.1818799125354108,0.380477167854983,-0.11686144343975768,0.24402444505679863,-1.0331157914066453
1.4625270090779499,-0.9749297603760906,1.5959513033263601,-0.5750074296952283,-0.001947958975496427,-0.07242118297248208,1.0356732727401392,-1.2260627825450436,1.1060388325231478
-0.24602210599848603,1.956210324268912,-0.8839879145749371,-0.2309193030109731,-0.7647029795012203,-1.7499668844692382,-0.6884814841257575,0.6002571862162943,2.4716300552596002
0.08011090382387848,0.5720608398532163,-0.39052869851706223,-0.6067745854187597,-0.13787481519738826,-0.6828209271830413,-1.3112220162552168,1.1521670668859265,0.2188833951652973
-1.2350037762894202,-0.24214473921483995,-1.9697489248667723,-0.08071846492282858,3.3365720924024798,0.0769468408662176,-0.6791868493178537,0.6153092738709213,0.42798016653092064
-0.26119229555384227,0.4906402819464107,-0.49576993538956776,-0.29662654327194465,-0.5241417807200305,-0.6492285898691139,-0.7535439277810746,0.750778062762557,-0.3765691389293999
2.1454461952469046,0.6534813977600219,1.088292280438089,-0.3530342907986684,-0.636599251694977,-0.34577974721992427,-0.8279010062442922,0.5551009232524133,2.4716300552596002
-0.8498582077843638,-1.1377708761897019,-0.012575966442524407,0.4169530554073542,-0.7158084269034176,0.1544705557931805,1.3702801258246253,-0.006843682520308201,-1.0073013751886672
1.8926097026576345,0.40921972403960505,1.4771818881711667,-0.1719814613556649,-0.10267073732697024,-0.18020025149293403,1.0774991293757017,-1.3264100335758877,1.810772395273953
1.4867680336251685,-0.24214473921483995,0.8199723392330724,-0.0789498983509784,-0.6160635396038998,-0.8050490071796905,-1.2275703029840954,1.1220628915766724,2.4716300552596002
-0.5378527628056469,0.08353749241238255,0.007828185244958182,-0.3655709091689128,-0.7637250884492643,-0.5260989381480831,2.490283620176867,-2.244587380508098,-0.9806264784300897
-0.6366935854755963,-0.16072418130803431,-1.0808914491005919,-0.14269081149633225,0.5124227343533893,2.964521438018737,-0.8418429584561464,0.7658301504171839,-0.6476205092181709
-0.8985487818211426,1.956210324268912,-0.24593094638827956,-0.5093135313562857,-0.4674240997065793,-0.8436116390525527,2.4298684939255,-2.3248651813327705,-1.0331157914066453
-0.8997999314751928,1.2234253031076612,-0.5427173458054295,-0.13465280490415663,-0.16525576465215785,0.7866678797440889,1.0356732727401392,-1.3615315714366794,-0.865322085989787
-0.44584113199738706,-0.9749297603760906,0.9799572700967106,1.5909013516419976,-1.292764147557491,0.6035857305545812,0.16197760079731185,-0.23764235989124333,-1.2929809146676259
-0.5680367482096029,-0.8120886445624793,0.7576840053832109,0.31824463829897787,-1.1548815092316869,-0.4474052578248495,1.6444718526577478,-1.7127469500446304,-0.6209456124595936
-0.6413332654426984,-0.32356529712164556,-1.2333007602770336,0.06706012894807989,0.5574057227433679,-0.41477979836758777,-0.7628385625889751,0.590222461113212,0.23179060327428613
1.1615212548077558,-0.8935092024692849,1.376019559785324,-0.14221736349214023,-0.15841052728846544,0.275412731792822,-0.6698922145099531,0.9414378397211559,0.25760501949226455
0.13703821308315334,-1.0563503182828962,-0.09651225181061181,-0.584983897020918,0.4234346486253881,0.5283120509113518,1.0449679075480431,-0.8547779537309281,-0.651062431380568
-0.8943261517387241,-0.24214473921483995,-0.6518041761417874,-0.411657836646939,0.8009005946804258,0.8411091737177055,-0.5397673271993189,-0.17743400927273542,0.03388007893645332
0.07140498748111432,0.7349019556668276,-0.06999464851535799,-0.12285860065407503,-0.17014521991193812,0.5253702236360908,-0.6931288015297078,0.7909169631748932,-0.3120330983844544
-0.0031948106416167317,0.00211693450557693,-0.18718575964084283,-0.44891647060974343,0.8576182756938772,1.5060006751920068,-0.6884814841257575,0.7858996006233556,-0.3412894367648296
0.52536378695892,-1.951976455257758,0.4440890934318121,-0.15396443653606653,2.9190126132172436,0.009030728681964216,-1.2136283507722412,1.2073580549528897,0.4383059330181119
0.09246600665762253,-0.16072418130803431,-0.12432998847210862,-0.3177905875651469,0.5544720495874996,0.19873224787313284,-0.6280663578743907,0.3343369709845605,-0.008283467552911011
0.015311777991206007,-1.8705558973509524,-0.2015233579731963,-0.3175339234280108,0.5622951780031481,-0.8013118854902077,-0.7070707537415619,0.9213683895149913,-0.25954378540789863
0.29348405107498765,-2.1148175710713693,1.5226251888057458,0.7219832798822466,7.0398455061600655,0.06896980564230765,1.467873791307601,-0.9149863043494288,-0.5288741946154712
-0.4388555464289413,1.4676869768280782,0.17959207594019924,0.03805800509626738,-0.5740142243697894,-0.8941695360448892,-0.748896610377121,1.0668719035097092,-0.871345449773982
-0.2242833807593676,-0.8935092024692849,-0.3815145953736778,-0.6495692097818784,-0.7294989016308023,-0.3769249540732741,0.7103610544635569,-0.06203467058727142,-0.9160904378851442
0.744732026302352,-0.07930362340122869,-0.4369699496775452,0.3868825656095759,-0.8800941236320351,-1.544102247841404,-0.772133197396879,0.5500835607008686,2.4716300552596002
0.35567661512838933,-1.3820325499101187,-0.08612066481989888,0.14886099454100543,2.0614021606517823,-0.7129165056466833,-0.6094770882585863,0.5049272977369949,0.6723566400611141
-0.9031363305526595,0.2463786082259938,-0.15942527362450173,0.10170304826747972,-0.18970304095105925,0.05196147532004288,2.4345158113294505,-2.3098130936781436,-1.132931534116161
2.3049156449026933,0.40921972403960505,1.3572341254287497,-0.43170905791039144,-0.5769478975256576,-0.6762440552776847,1.3981640302483336,-0.9350557545556005,1.0836663384675669
-0.6006187704504882,-1.1377708761897019,0.5034032810769711,1.3131654573626217,-0.6141077574999877,0.282189507655059,-0.7117180711455122,1.101993441370508,-0.9160904378851442
0.0687462944662578,0.9791636293872444,0.051101145258773316,-0.18946586940199328,-0.8400005905018367,-0.5375872568128558,-0.6141244056625366,0.5801877360101226,0.14144014651136247
-0.8056509200079307,1.3048458610144669,-0.3315104743796442,0.337694481714981,-0.3813696871344463,0.2788859455382465,-0.6931288015297078,0.690569712144049,0.06829930056042428
0.5722818989857946,-0.16072418130803431,0.37853591508909196,-0.42960518294382666,-0.9319223493857061,-0.46354202571329595,1.4399898868838927,-0.8999342166948019,-0.42475604920295923
-1.4156385075928877,-0.4864064129352568,-0.24467461580314065,0.6660783901601598,-0.3187846598092587,0.2257055345691221,0.4733478668620432,-0.05199994548418201,-1.3549355135907735
-0.6761047995781712,-1.6262942236305356,0.052841022062598546,0.24342335719053287,-1.003308396178498,-0.4312369154451764,1.3981640302483336,-0.5988924636022765,-0.808530370310235
-0.8259821018862432,0.40921972403960505,-0.282321304650981,0.21233641142127085,0.005875169440152024,0.41480708001549066,-0.4468209791202935,0.705621799798676,-1.0176271416758584
-0.07018344836887667,0.5720608398532163,0.06787286343246454,-0.6177622346551325,-0.29238160140644515,-0.09499162888043335,1.1146776686073103,-1.26620168295738,-0.4557333486645329
-0.8585641241271285,0.3277991661327994,0.3073544467793609,0.3067570207906758,-0.3706128855629297,-0.13055947854927227,-0.4235843921005388,-0.4734583998137232,-0.7104355886819178
-0.7630075692990602,1.956210324268912,-1.6979698605926865,0.5263725469182104,1.9391657791572754,-1.6358448590407049,1.0356732727401392,-1.4468267348128965,0.5355402341058297
-0.18085806151671557,-1.7077147815373412,1.2679483907835951,0.13873808460794493,-0.3031384029779618,0.045249433562270056,1.649119170061698,-0.7644654278031663,-0.3662433724422086
-1.177138104789608,-0.8120886445624793,-0.3836243406349754,-0.30750292224831993,-0.8576026294370458,-0.9384553191193975,0.803307402542579,-0.4584063121590962,-0.9573935038339093
0.6219629664986964,0.00211693450557693,0.7805232390308777,0.09820237591131206,-0.2581554145879832,-0.25670399306781727,-1.1020927330774148,1.0919587162674256,-0.12616930161501125
-0.27208772379119434,1.06058418729405,-0.5236439855023405,0.02728436228766146,-0.23566392039299391,-1.3199557525134902,-0.7163653885494624,0.5400488355977864,1.7995861482461624
-0.8821795738473222,1.06058418729405,-0.6867174273595679,0.5279310941954021,0.37747376918345343,0.5756366286154095,-0.7256600233573663,0.5300141104947041,0.43658497193691315
-0.7757275907819018,-0.32356529712164556,-0.4233486340929719,-0.5866272234268514,-0.5515227301748001,0.325959291268854,0.29210248810794603,0.07845148085590897,-1.2620036152060519
3.715639011079645,0.3277991661327994,1.7844953512578743,-0.0844467396543357,-1.1323900150366977,0.18398856789359166,-0.6931288015297078,0.8410905886903188,2.4716300552596002
0.07823417934280369,-0.9749297603760906,-1.3858013166846286,-0.007663533442846999,0.5828308900942253,-1.163224020365335,0.9799054638927259,-1.4719135475706058,-0.5701772605642362
-0.025871898121272784,0.7349019556668276,-0.5238978102776914,0.013629557520722577,-0.41364009184899614,-0.7271620810180982,-0.8929634498996093,0.8109864133810649,0.47874851842627786
-0.667086095821894,-0.8935092024692849,-0.5799119221966024,-0.2025683658771479,1.8364872187018895,-1.1243439088829816,-1.2879854292354622,1.2525143179167706,-0.3998021135255802
1.1958757390585453,-0.649247528748868,1.141590215200393,-0.1568039661887292,0.21123229035092386,1.1359261737731385,0.8172493547544332,-1.1357502566172888,0.24555829192387452
-0.500161879477391,-0.07930362340122869,0.1888274452640119,-0.36703557433082556,-0.1769904572756305,0.134679095951596,-0.7442492929731708,1.0618545409581717,-0.8610196832867907
-1.0465493596481397,-0.5678269708420625,0.004260950203480381,1.4173572543679505,-0.7001621700721207,-0.6897879411641833,1.5515255045787224,-0.23764235989124333,-0.8489729557184008
-1.5427865911857181,-0.24214473921483995,-1.2529017216721585,-0.7922250541702461,-1.3514376106748542,-1.9499981854029795,1.3098649995732616,-1.2110106948904167,-1.1544435476311428
0.5477280870250634,0.08353749241238255,0.5920112654312554,-0.22124901384135368,-0.3256298971729511,-0.0842075566938449,-0.6327136752783409,0.4547536722215692,0.2756751108448492
-0.9381685208660592,-0.649247528748868,-1.8363680635592723,-0.392406937521835,0.41756730231365174,1.4655091261582476,-0.7070707537415619,0.6253439989740035,-0.28191627946347975
-0.6087512432018132,-0.16072418130803431,0.12249863444482996,-0.12670383436848534,-0.5192523254602502,-0.5264526554611796,2.0301991971856967,-0.7142918022877477,-1.1122800011417784
-0.4724801933815348,0.6534813977600219,-0.7956634264110827,-0.17444346630729649,-0.27184588931536796,-0.1851521707646533,-0.7814278322047795,0.6203266364224589,0.05022920920783962
-0.4996926983571221,-0.4864064129352568,-0.2536601657039091,0.10577775560678178,-0.8194648784107595,-0.583103763596443,1.4864630609234053,-0.5386841129837686,-0.9109275546415485
-0.730790465707273,0.00211693450557693,-1.4013813249369342,0.1431181064702249,0.3383581271052112,-1.8160559657032234,-0.6838341667218039,0.575170373458585,0.5174701427532451
-0.785632525543131,-0.16072418130803431,-0.6759738923631244,0.008703845464577227,-0.037152036845914456,-0.3314587713203752,-0.7907224670126834,0.8109864133810649,-0.4041045162285767
-0.7543016529562956,1.2234253031076612,0.4139758658535139,0.7504367007075249,-0.9964631588148057,-0.3388143546241845,1.0031420509124807,-1.4769309101221504,0.22834868111188905
-1.2951632221549905,0.2463786082259938,-0.5794998035196424,-0.6535609350194672,-0.27966901773101643,0.1027924823305878,1.6398245352537975,-1.0153335553802731,-1.3712846438621598
-0.040364381614018556,1.956210324268912,1.4224069857707176,3.3859171637452126,-1.1402131434523461,-1.711566172789792,1.0449679075480431,-1.4668961850190683,2.4716300552596002
0.290251914468692,0.40921972403960505,-0.5411231350657896,0.2375266262442262,-0.5681468780580531,-1.3246176741699232,-0.8464902758600966,0.7156565249017655,2.4328998261272274
-0.9758594041943153,-0.649247528748868,-0.7787279627178745,0.11217901035831741,-0.30411629402991786,-1.390723394540425,1.1146776686073103,-1.2561669578542976,-0.4325003740683526
-0.5828420191158612,-0.16072418130803431,-0.5683875606458383,-0.3368591819283291,0.41463362915778357,0.1742949040697403,-0.823253688840342,0.8059690508295202,-0.24491561621771107
-1.1484659252176288,1.3862664189212726,-0.9952522921181524,0.32138292221247844,0.021521426271448926,0.30818371470127576,1.0356732727401392,-1.366548933988224,-0.9918127254578801
2.188454464604873,-0.24214473921483995,1.0733958137638058,-0.26958922352895404,2.6549820291891084,-0.3973181461891931,-0.8279010062442922,0.5952398236647496,2.4716300552596002
-0.27208772379119434,1.2234253031076612,0.1607471579788957,-0.2828174957958073,-0.11733910310631109,-0.6192504575736699,0.99384741610458,-1.3063405833697161,-0.2500784994613067
1.033591202681144,0.8977430714804387,0.3959426808630461,-0.49024806304411794,-0.26891221615949984,-0.08340178086096044,0.8916064332176509,-1.3264100335758877,1.2041336141514651
0.16138350010154254,-1.3820325499101187,0.024335800774142363,0.05576998371534273,0.5388257927562028,-0.7227315200507894,0.6638878804240442,-1.2110106948904167,0.07690410596641721
-1.1333999981334433,-1.8705558973509524,-1.5877424544551775,-0.7385421270481156,-0.8116417499951111,-1.5138374353768211,0.5895308019608233,-0.09213884589651825,-0.8549963195025958
-0.5110051764791576,1.956210324268912,-0.9428562551894378,0.07012406638788568,0.3940979170667064,1.1178612273544604,-0.6745395319139034,0.6654828993863398,-0.48498968704490825
1.2283013675926742,1.6305280926416894,0.7454701821968269,-0.38631616658166645,-0.5593458585904486,0.06325386317412629,-0.8000171018205839,0.7006044372471385,0.8143359292599942
-0.8820231801405658,0.40921972403960505,-0.930512436471625,-0.4035606618060182,1.1793444317874198,0.023327117726546293,1.198329381878432,-0.8748474039370927,-1.0830236627614032
0.75953729720861,0.16495805031918817,0.5840364221489457,-0.30122877115822183,-0.17210100201585024,0.3405510145651508,-0.823253688840342,0.7608127878656392,0.08981131407540642
1.2426374573786636,-1.4634531078169244,0.8739608583312852,0.0462600324623128,0.08410645359663653,0.28342487591072085,-0.0703882694002483,0.29419807057222425,-0.600294079485211
-1.6112870347449555,-0.649247528748868,-1.9473474497669407,0.11523689764444779,-0.5886825901491303,-1.2948320641083777,0.826543989562337,-1.1859238821327074,1.1809006395552848
0.685771598855246,-0.8120886445624793,0.756483775121314,-0.30327202370069223,1.7132729461554264,0.09081932732599933,1.1750927948586773,-1.3414621212305147,-0.35161520325202084
1.7073874226226504,-0.9749297603760906,1.4926618103544824,-0.3529330355461492,0.20732072614309963,0.4678165854296518,-0.7953697844166336,0.8762121265511104,1.0569914417089892
-0.58581349954423,-1.300611992003313,-0.33446136969055973,-0.6078451807036589,1.170543412319815,0.7557473389920839,1.007789368316431,-0.7142918022877477,-1.0331157914066453
-0.8500667327267054,-0.8935092024692849,-0.5448924244282923,-0.5928993111911609,1.77194640927279,0.6628864002240151,1.6537664874656484,-1.0103161928287354,-1.271468901152644
-0.2462827621764132,-1.0563503182828962,0.6020425528718134,0.33811083921929924,-0.220017663561697,-0.17016683545329822,0.5895308019608233,-0.09213884589651825,-0.8928574632889638
-0.5041238533818826,0.16495805031918817,-0.513501941109346,-0.2860574734168325,0.5877203453540055,4.744976484229531,-0.5955351360467321,0.5500835607008686,-0.603736001647608
-0.9293062108165384,1.956210324268912,-0.5186764044607057,0.2891395858753901,0.0645486325575154,-0.6197013821263034,1.1843874296665777,-1.366548933988224,-0.988370803295483
0.5536710478818009,-0.24214473921483995,0.33356899449538857,-0.3159743198647841,1.3475416927238615,0.13726952386366606,0.9148430202374088,-1.236097507648126,0.08120650866941348
-0.8985487818211426,1.1420047452008557,-0.059477088140521654,-0.3118612588888675,0.003919387336239912,-0.3814102613684314,0.8172493547544332,-0.7544307027000839,-1.1243267287101684
-0.4847831649796931,-0.24214473921483995,-0.8883997659749252,0.39373620179619745,0.7089788357965565,-1.173883520390271,-0.8325483236482425,0.6805349870409667,0.10529996380619315
0.2999483242875795,-0.8935092024692849,2.3097872037046634,3.278508680050741,1.255619933839992,-1.2655825154805644,-0.8604322280719507,1.5786428837670123,0.39011902274455257
0.760006478328879,1.1420047452008557,0.7349289405665186,0.4466426964907327,-0.8194648784107595,0.0018113974187389875,-0.7349546581652702,0.73572597510793,-0.22254312216212996
0.35473825288785216,-1.951976455257758,-0.23451931266282044,0.23837274033653993,-0.9270328941259257,-1.0861791357226824,-0.9533785761509762,0.9213683895149913,-0.34214991730542893
-0.37416068306743944,-0.07930362340122869,-0.14454447204390689,-0.1518278525167309,-0.7656808705531765,-0.7002323349709846,1.7002396615051611,-1.2611843204058424,-1.0322553108660462
-0.3220294474820233,-0.7306680866556737,2.909450134584069,4.567141783241363,-1.1010975013741038,-1.4567148490144939,-1.0602668764418524,1.6087470590762663,-0.9703007119428984
-0.18846922191218646,0.4906402819464107,-0.6384394080259485,-0.24090031248658245,-0.150587398872817,-0.41894287586815193,-0.6234190404704404,0.49489257263390546,-0.010004428634109367
-0.1585980239217428,-1.300611992003313,-0.38399602083020246,-0.4725172475480591,0.6610621742507098,-0.38489836594511945,1.263391825533749,-1.2611843204058424,-0.6691325227331527
-0.5724679032343635,0.00211693450557693,-0.6565010171720252,-0.25643131441245853,3.5086809175467457,0.7665739203775508,-0.7070707537415619,0.7557954253141017,-0.4703615178547207
-0.13305371848488884,0.5720608398532163,0.34621686842686156,0.05231636983924265,0.07628332518098808,1.0815883590804707,-0.6141244056625366,0.5450661981493311,-0.2974049291942667
-0.18518495407030525,-0.4864064129352568,-0.133966211206614,-0.505634138588543,-0.9152982015024531,-0.4220962226167264,1.096088398991506,-0.43833686195293164,-0.9754635951864941
-0.7623298632364498,-0.16072418130803431,-0.01776541656139612,-0.2124142393318075,1.3064702685417071,0.6890192783696377,-0.3957004876768305,0.705621799798676,-0.9358814903189274
0.42303017150474725,0.6534813977600219,0.41055140368970205,0.010178852646225367,-0.2581554145879832,-0.005987471394796722,0.9334322898532132,-1.3916357467459333,0.5450055200524219
0.8378905442934911,-2.0333970131645636,1.0204563667806907,-0.26564749032193735,1.029727100838143,0.18879403263107228,-0.6931288015297078,1.1973233298498074,-0.4368027767713489
-0.463982801981112,-0.16072418130803431,-0.8030409503932273,-0.15718300873191932,3.0236469557765417,0.5572651481683806,-0.8325483236482425,0.8109864133810649,-0.19242630324115545
-1.1235471946078,1.7933692084553006,-0.34955768512610014,0.13867356363871128,-0.35496662873163276,-0.3639281773447734,-0.7349546581652702,0.6102919113193765,-0.9135089962633463
0.9665504337182984,-1.0563503182828962,0.8337863877622307,-0.6610198771300932,-1.034600909841092,-0.5388451527904058,-1.2136283507722412,1.1371149792312996,2.4716300552596002
-0.3455927659666314,-0.8120886445624793,0.1917963328737184,0.2212945406599777,1.3534090390355977,-0.7748489728384317,-0.4235843921005388,0.6203266364224589,0.048508248126641264
-1.2133171822858868,0.3277991661327994,-0.5493474788262462,0.7841861193369047,-0.8145754231509793,-0.7872030278866088,2.4112792243096957,-2.3499519940904796,-1.330842058453994
0.5888596319019569,-0.9749297603760906,0.30594216498539584,-0.7619657156643808,0.29435302976718863,0.09732170650819774,-1.3112220162552168,1.27760113067448,-0.43422133514955114
-0.3691560844512396,-1.3820325499101187,-0.5640548053968781,-0.1872398073403004,0.02249931732340498,1.9115325671626198,0.8497805765820917,-0.5938751010507319,-1.195746613579908
-1.3629859596516172,1.7933692084553006,-0.9442591758522552,1.7859154151791363,-0.948546497268959,1.3120594013552527,-1.3298112858710214,1.1923059672982628,-0.4325003740683526
0.44320495967630363,-0.24214473921483995,0.7434334424031176,-0.12076380915294072,0.26306051610459485,0.31574496742032016,-0.6698922145099531,0.8461079512418564,0.13885870488956495
-1.0115693005703255,1.4676869768280782,-0.3023759578456179,-0.5119282135644097,-0.4674240997065793,-0.41862529904209195,1.1146776686073103,-0.8999342166948019,-1.072697896274212
0.6108068820834174,-1.0563503182828962,-0.19766785169242232,-0.5817841926961412,0.12615576883074694,-0.20253493427275193,0.6731825152319448,-1.0303856430349,0.44691073842410445
0.08584533973827434,0.7349019556668276,0.27520263105855103,-0.13448531324616833,-0.26402276089971954,0.6681391401947336,-0.7581912451850249,0.720673887453303,-0.3223588648716457
-0.6511860689683421,0.3277991661327994,-0.9586788056704558,0.08389226813501896,0.46548396385949853,0.7648494895164829,-0.7256600233573663,0.7156565249017655,-0.37398769730760195
-0.4992756484724388,0.16495805031918817,-1.0496302448304546,0.1439387144346133,0.14669148092182413,2.4623442022519058,-0.721012705953416,0.6805349870409667,-0.7052727054383222
0.8274642971764076,0.6534813977600219,0.010820059795874777,-0.3707513299830635,-0.6219308859156362,-0.3712126728101851,-0.6280663578743907,0.5149620228400771,0.026996234611659127
-0.16657410296631167,-0.4864064129352568,0.2585444338287533,0.7316133123679187,-0.5534785122787123,1.167930406461551,0.5988254367687271,-1.1056460813080349,-0.05560989728587079
0.14063526833854703,0.7349019556668276,-0.009756382880491268,-0.2105385703172661,-0.12320644941804741,0.032832044646314125,-0.7581912451850249,0.605274548767839,-0.3498942421708223
-0.4675798572365057,0.08353749241238255,0.04953067041352174,-0.4949520305531624,-0.32171833296512686,-0.06238193866585232,1.4539318390957467,-0.9250210294525183,-1.0821631822208038
-0.1553137560798616,-0.8120886445624793,-0.914000102732657,-0.22192991635476045,-0.7422114853062312,-0.8429591384079153,-0.5351200097953686,-0.09213884589651825,0.363444125985975
0.8588473009988282,-1.1377708761897019,0.24481029583052086,-0.20579819661992177,6.4139952329081895,0.14618791435910491,0.9380796072571636,-1.2611843204058424,0.4907952459946675
-0.5657429738438446,1.711948650548495,-1.0786442077642706,-1.1127027110319794,-0.7422114853062312,0.1086762566467474,-0.7303073407613165,0.6102919113193765,-0.9014622686949565
0.4610338422465161,0.08353749241238255,-0.14146166258548137,-0.5016701200727162,-0.6786485669290875,0.8943894400014812,-1.3855790947184379,1.2173927800559792,-0.6536438730023657
-0.34512358484636263,-0.32356529712164556,0.3559342778564913,0.011440332094185605,-0.16525576465215785,-0.3908946715506385,1.4260479346720418,-0.884882129040182,0.0020422989342802774
-0.09614480369041417,-0.8935092024692849,0.2805413649286266,-0.07985410660572774,-0.4087506365892159,-0.08861023158961379,-0.3771112180610261,-0.3279548858190052,1.6111409098549212
0.8623922250186367,-0.8120886445624793,0.17781512624066442,-0.623924896729039,0.907490719343636,0.924140668144621,0.8218966721583835,-1.1357502566172888,0.1569287962421496
-0.287570700760063,0.4906402819464107,0.3543950377042175,-0.1540477185598466,-0.07626767892415671,-0.15458476785280362,-0.10291949122790355,0.25405917015988805,-1.2163981465542906
-0.22735912365890718,-1.1377708761897019,0.4174954937937543,-0.13310320142604531,-0.098759173119146,0.4100040337626406,-0.08897753901605271,0.3293196084330158,-1.0821631822208038
-0.32364551578517115,-0.4864064129352568,0.17680838093808263,0.12963219807053755,-0.8683594310085624,-0.1423467592320017,1.096088398991506,-1.4016704718490156,-0.22254312216212996
-0.3248445342036357,-0.8935092024692849,0.48671990022184114,0.1154117535795507,0.15549250038942866,0.20700761319163086,-0.697776118933658,1.0769066286127986,-0.8644616054491878
0.026624256113241384,0.5720608398532163,-0.4136620177059631,-0.1773231796835571,-0.150587398872817,1.1312857672696766,-0.7674858799929287,0.690569712144049,-0.4264770102841578
0.5758789542411884,-0.8120886445624793,0.8486290951356379,0.029848389724295942,-0.17014521991193812,-0.08355107115679045,1.2448025559179445,-1.5471739858437406,-0.20877543351254157
-1.4163162136554979,0.00211693450557693,-1.4059476121613665,-0.5069100570483253,0.7089788357965565,2.446585575780928,0.36181224916721677,0.11859038126824521,-1.3953780989989393
0.34008937568835007,0.08353749241238255,-0.38905332354213373,-0.6246135349631731,0.9221590851229768,0.9671021185906886,-0.7953697844166336,0.7608127878656392,-0.1511232372923903
0.6802978191187771,-0.24214473921483995,0.9289204931419937,-0.15092880676926923,-0.775459781072737,0.4228361835621549,-0.7303073407613165,0.7858996006233556,0.7300088362812654
-0.3874020169061354,0.40921972403960505,-0.7211165159208154,-0.36019038626322897,0.7011557073809082,2.0867903593466632,-0.7628385625889751,0.7407433376594746,-0.49961785623509597
2.160616384802261,-0.8120886445624793,1.6772780384145225,-0.2924555527846203,1.6976266893241296,0.47099775881724226,-0.5769458664309277,0.5049272977369949,1.3874159692991104
-0.06486606233916432,-1.0563503182828962,0.4889784721867492,-0.2784179472367306,-0.3275856792768632,0.6206733978122687,-0.6931288015297078,1.071889266061254,-0.7749716292268632
0.16070579403893231,-0.9749297603760906,0.24025774926832175,-0.05896832050691972,1.4785790936859728,-0.6364815556182198,0.7847181329267746,-1.1708717944780804,0.42711968599032146
-0.3969420330182666,0.8163225135736332,0.14234829579492547,-0.22181112580835724,-0.7989291663196824,-0.8186791401142406,-1.3019273814473165,1.2374622302621436,-0.5357580389402655
0.5626897516380778,0.8163225135736332,0.010678775798192899,-0.3545851810234501,0.0019636052323277987,-0.7416593545070402,-0.7581912451850249,0.5601182858039581,1.3005074346985834
-0.6528542685070754,0.4906402819464107,-1.3175057431653456,0.05265939243641739,-0.6639802011497465,-1.4817225508345804,0.8497805765820917,-1.2862711331635515,1.3151356038887714
1.2781909600479175,-1.8705558973509524,1.225089879352794,-0.4991941715991097,-0.28847003719862097,0.8557920328868475,-1.1996863985603905,1.202340692401352,0.5088653373472521
-0.797153528607508,0.7349019556668276,-0.24754111147262758,1.1976271518071782,-1.0394903651008722,-0.25606566120265745,-1.0974454156734612,1.9699971627872994,-1.2069328606076983
1.3579517504936043,-0.16072418130803431,1.7706390515402692,-0.479731070359811,-0.7813271273844734,0.4061950282127086,-0.6280663578743907,0.3243022458814782,0.750660369255648
-0.5648567428388925,1.5491075347348837,-0.4647994768013565,-0.3665450053903775,-0.5955278275128226,0.1671999521996335,1.1053830337994066,-1.4167225595036426,-1.0081618557292664
0.8453453109822053,-0.9749297603760906,0.9472648902227003,-0.4471178781916643,-0.4292863486802931,-0.050852284417996614,1.3052176821693082,-1.5973476113591591,0.3462345151739895
1.3267772716135253,-0.32356529712164556,1.293399281342043,-0.3719816799264241,-0.5300091270317668,-0.13292832755853085,1.1472088904349689,-1.527104535637569,1.5053018033612104
0.6097121261361235,0.5720608398532163,1.2764839572740088,-0.12821259092127885,-0.358878192939457,0.004751716603905263,0.9984947335085304,-1.2862711331635515,0.4615389076142924
0.5402211891007633,0.5720608398532163,0.4546531422145786,1.0970345673596325,1.273221972775201,-0.448865394471472,0.7475395936951658,-1.321392671024343,-0.09002911890984175
0.08480271502656613,0.8977430714804387,-0.4227361990914252,-0.5058407650597625,-0.8223985515666278,-0.585686700892839,-0.6373609926822945,0.5601182858039581,-0.10982017134362515
-1.2304162275579034,-0.7306680866556737,-1.3986764664063234,-0.3519372942378439,-0.2425091577566863,-1.7371143075021012,-1.3576951902947296,1.2224101426075167,-0.7009703027353259
-0.25879425871691314,0.16495805031918817,1.2427665992385297,2.3524232113221495,-0.9847284661913331,-0.3093559748714504,1.0403205901440895,-0.3379896109220875,-0.8627406443679893
0.3568756335468539,-0.5678269708420625,0.45540257777707155,-0.7470827309778011,-0.3510550645238086,0.17649086309119488,-0.3213434092136129,-0.4533889496075586,-0.17005380918557433
-0.9967640296640672,0.4906402819464107,-1.020786163513407,-0.2834504296173897,0.6483495905752811,0.48834101429526067,-0.5630039142190736,0.23398971995371634,-0.4686405567735221
0.46212859819380964,0.4906402819464107,0.2369450057437023,-0.4035606618060182,-0.8840056878398593,0.7763610328267537,-0.8000171018205839,0.7808822380718109,-0.22340360270272913
0.36406974405764175,1.956210324268912,-0.48372269785865385,-0.31465795622123977,-0.5065397417848215,-0.2616381954287498,1.007789368316431,-1.456861459915986,0.4340035303151156
0.43528101186732027,0.6534813977600219,0.18637632170311363,-0.29681480756513745,-0.721675773215154,-0.5367820728420516,-0.7396019755692205,0.750778062762557,0.16897552381053924
1.324327103541011,-1.1377708761897019,0.5590740278876724,-0.058149858417140585,0.036189792050789774,-0.7192460239076482,-0.9719678457667806,0.911333664411909,1.3400895395661503
0.8361702135191722,-1.8705558973509524,1.0562921345368315,-0.46865099482675887,0.7363597852513262,0.7323287222443217,1.1518562078389192,-0.9149863043494288,-0.4617567124487279
-0.3191100982892398,1.956210324268912,-0.5512484163069165,0.5833368186676635,-0.26891221615949984,-1.6372700086252014,1.0356732727401392,-1.4468267348128965,2.4716300552596002
0.5767651852461402,1.3862664189212726,0.23559075352016784,-0.3578354391749326,-0.7979512752677264,-0.08941410822940597,-0.7117180711455122,0.5551009232524133,1.8460520974385226
1.070395855004448,0.8163225135736332,-0.07251330192205824,-0.3454843732918237,-0.913342419398541,0.03373494200703064,-0.7907224670126834,0.6002571862162943,0.36688604814837206
0.07004957535589341,0.00211693450557693,-0.34901365803210926,-0.19635472392098785,0.47330709227514695,3.8698457113849347,0.8218966721583835,-1.160837069374998,-0.45315190704273517
1.9661147448330716,-1.3820325499101187,2.118164507151581,0.1747532232178649,-0.9035635088789804,0.28392969004732216,-1.1857444463485363,1.2725837681229424,2.4716300552596002
-0.3129064812545754,0.00211693450557693,-0.8729457488751551,-0.02737892145932632,0.07921699833685625,-0.8779856996025771,0.9380796072571636,-1.4066878344005602,0.6250302103281543
-0.23815028942508823,0.2463786082259938,-0.767656221826963,0.017492429921895987,0.2170996366626602,-0.26777982015995727,-0.7674858799929287,0.590222461113212,0.44949218004590236
0.9565412364858986,-1.7891353394441467,0.7017256483141417,-0.19058613285061973,0.6043444932372585,0.06736082344197941,0.9380796072571636,-1.2411148701996706,0.71279922546928
-0.08947200553548068,-0.24214473921483995,-0.5063422652910315,0.17841848068701557,0.06943808781729569,-1.1780545779169502,-0.7628385625889751,0.5551009232524133,1.2781349406430025
-0.10584121350930148,-0.16072418130803431,0.034921394905032814,-0.013288002990627164,0.8595740577977893,0.3204856395878722,-0.7953697844166336,0.8260385010356919,0.09583467785960105
0.8328859456772907,-0.9749297603760906,0.3890029552132234,-0.38405241045182803,-0.6043288469804271,0.3295452907887613,-0.8883161324956591,0.9414378397211559,0.1896270567849218
0.7591202473239267,0.4906402819464107,0.06483440593564292,-0.38538570820625107,0.7383155673552383,-0.3774867720700346,0.9520215594690177,-1.4769309101221504,0.5725408973515986
0.23921543483056928,-1.1377708761897019,-0.05386844656492307,-0.23142673252246232,-0.2962931656142694,-0.7980253250490851,-0.874374180283805,0.8661774014480281,0.8083125654757995
2.058178506876917,-1.2191914340965073,1.5774174772449712,-0.4621759413969112,-0.020527888962661497,0.45043988053821116,-0.916200036919364,0.9213683895149913,1.1645515092838983
-0.5598521442226927,1.956210324268912,0.8282089844271703,0.21724116627063536,-0.41852954710877643,0.6660461115545238,1.007789368316431,-1.4367920097098141,-0.17865861459156707
-0.9686652936835277,1.7933692084553006,0.10043999733338381,0.07472294724413753,-0.44297682340767786,-0.6476849718392437,-0.7396019755692205,0.6153092738709213,-0.8033674870666394
0.042889201615891354,1.5491075347348837,-0.1604403364678967,-0.0037116826111643253,-0.8028407305275066,-0.8363268348360087,-0.7024234363376116,0.5852050985616674,0.709357303306883
-0.7821918639944935,0.6534813977600219,0.3040577468079882,-0.03054718457055024,-0.9299665672817939,0.5076221048143553,1.0356732727401392,-0.8397258660763012,-0.9573935038339093
-1.1734889182986286,0.2463786082259938,-0.041616528646781586,0.057675920003813,-0.8341332441901004,-0.5710988253661148,2.7412387599902313,-1.6926774998384657,-1.29986475899242
-0.16271639153299083,0.4906402819464107,-0.022757654286506182,-0.8590096399004378,-0.47622511917418375,-0.2871604021842519,0.5709415323450189,-0.09213884589651825,-1.1251872092507678
0.4447167655082809,-1.5448736657237299,-0.1073825024323867,-0.35386259196272285,0.421478866521476,-1.0992485555432705,-0.6141244056625366,0.44973630967003164,0.5544708059990135
-0.04672439235543935,-1.0563503182828962,-0.35567018867917566,-0.48968515784127364,-0.7138526447995055,-1.1054291115947898,1.4446372042878461,-0.8748474039370927,-0.7233427967909071
-0.7861538378989851,1.956210324268912,-1.7459184673717718,0.0631487892658873,0.30804350449457346,-1.8829130935404557,-0.697776118933658,0.590222461113212,2.4716300552596002
0.03856230906230169,-0.649247528748868,-0.4298862392773891,-0.25134732655375097,2.335211655199478,0.3176330327050867,-0.8000171018205839,0.73572597510793,-0.3817320221729955
-0.7623298632364498,-0.8120886445624793,0.1183007348557907,3.916810192445627,-1.2311570112842594,-0.17620074676522862,-1.2647488422157043,1.628816509282431,-1.3248186946697988
-0.16803377756270318,1.6305280926416894,-0.5406266910152784,-0.33176475273696027,-0.031284690534178115,-0.5289654305832582,-0.6791868493178537,0.6353787240770858,0.9107097498071128
0.0037907749268289857,-0.32356529712164556,0.48212986955721343,-0.1369307356458608,-0.5886825901491303,-0.8706676655940673,-0.990557115382585,0.9615072899273276,1.15078382063431
-1.1049884747393914,0.3277991661327994,-0.4328979505247167,-0.05704806957060551,0.04988026677817456,-0.6825920524272401,0.36181224916721677,-0.057017308035726716,-1.3428887860223837
-1.115049803207377,0.00211693450557693,-0.21454421850691538,0.426767812790289,-0.6072625201362953,-0.05661959531061192,1.6444718526577478,-1.0253682804833553,-1.2947018757488244
3.506123575261857,1.956210324268912,2.0695948609413573,-0.643346829298525,-0.6336655785391089,-0.27773242987156516,1.0356732727401392,-1.4869656352252327,2.4716300552596002
-0.06298933785808931,1.956210324268912,-0.267739656226811,-0.2431594840049062,-1.036556691945004,-1.0742905914414391,1.0682044945677978,-1.381601021642851,-0.14079747080519903
-0.9863899137825693,-0.32356529712164556,-0.189998935299942,0.15107139629637364,-0.1662336557041139,-1.7264497338090565,-0.8604322280719507,1.1672191545405535,-1.114000962222977
-1.0175122614270629,1.956210324268912,-0.5714831140178268,0.2681192702361311,-0.27966901773101643,-0.7846968231946448,-0.7349546581652702,1.0769066286127986,-0.95653302329331
-0.9632957764182298,0.6534813977600219,-1.1376244441579142,0.401435757633113,-0.42048532921268855,0.6286412064996582,-0.7117180711455122,0.5852050985616674,-0.5934102351604168
-0.5661600237285279,0.2463786082259938,-0.9738650777932857,-0.27889472463258475,-0.38528125134227054,-1.739496918191061,-0.6838341667218039,0.5801877360101226,2.4716300552596002
-0.8856723666315449,-1.0563503182828962,-0.24413761565243536,-0.6145057495106586,-0.2806469087829725,-0.7814891671419257,1.467873791307601,-0.8898994915917197,-0.6958074194917303
-0.7537803406004415,0.8977430714804387,-0.7701188650072595,0.2915111086654603,0.2102543992989678,1.787577235938644,-0.6838341667218039,0.6654828993863398,-0.6415971454339761
2.023980416332884,-0.32356529712164556,1.201725672513091,-0.3091866929704506,0.23372378454591317,-0.6429628693931857,0.7893654503307249,-1.2611843204058424,2.4716300552596002
0.4056183388192185,0.5720608398532163,0.840992794872786,-0.18240146211054836,-0.5221859986161185,0.17051277194177553,-0.6187717230664901,0.5249967479431594,0.3944214254475488
-0.28944742524113803,0.8163225135736332,-0.8948407685309623,-0.040850485960269085,1.7494549150778005,3.0136694976456404,-0.8464902758600966,0.8360732261387741,-0.4058254773097752
0.7581818850833891,-0.8935092024692849,0.6064743650479331,2.148802409699277,-0.8556468473331337,-1.1884923442838031,-0.6884814841257575,0.2640938952629703,1.857238344466313
-0.855749037405516,-0.24214473921483995,-0.5094824786964447,0.05998402633480463,-0.5476111659669759,-1.9499260544465475,-0.9115527195154137,0.911333664411909,-1.1871418081739151
-0.2901251313037483,-1.951976455257758,0.40830499694911465,0.4633879075554906,3.6103815869501754,0.17450570699521925,-0.8139590540324381,1.1571844294374711,-0.852414877880798
0.5613343395128573,1.4676869768280782,-0.09479842287140275,-0.2184823797278135,-0.6561570727340982,-0.11134919269450395,-0.7349546581652702,0.5852050985616674,0.2885823189538384
0.5511166173381155,0.16495805031918817,0.03528615819449683,-0.28082453790152484,-0.601395173824559,0.5365494974667313,0.5477049453252641,-1.0504550932410717,-0.40754643839097376
0.6639807423805418,1.956210324268912,-0.2661403320743206,-0.26345287391735345,-0.4146179829009522,-1.4373424763093308,1.0403205901440895,-1.4618788224675234,2.4716300552596002
3.0889172968717697,-0.7306680866556737,3.0102504217087707,0.45150100139528554,-0.6170414306558559,0.2530110597396006,-0.8139590540324381,0.8561426763449458,2.100754337455908
-0.5294075026408094,-1.3820325499101187,-0.12143939681516978,-0.4188902646601897,2.7097439280986477,-0.4809742246132189,1.3609854910167247,-0.9300383920040559,-0.893717943829563
-0.39871449502817075,-0.649247528748868,-0.8263390889318752,-0.09948901896920871,5.864420461708885,-1.4511290293807306,-0.6466556274901951,0.5049272977369949,0.4030262308535418
0.20063832049736124,-2.1148175710713693,0.8488759146234519,0.15639654265687875,-0.21610609935387276,0.2698379477243095,-0.9069054021114635,1.2073580549528897,-0.5779215854296298
-0.4737834742711702,0.2463786082259938,-0.760389859188187,-0.15533284861618615,0.08019488938881231,-0.6409855927057546,-0.7070707537415619,0.5450661981493311,1.1619700676621008
-1.4450405244630624,1.06058418729405,0.2908404114510631,1.1217637459630292,-0.9104087462426728,0.40200857403674767,1.021731320528285,-1.33644475867897,-1.2069328606076983
0.6921837408322521,0.40921972403960505,0.2368321513917413,0.1866334154878105,-0.4009275081735674,0.01993830749753569,-0.5211780575835144,0.1888334569898354,0.7325902779030634
-0.6288217689021984,0.8163225135736332,-0.3710658764724352,-0.4952184776923668,0.09192958201228499,0.6778733845055502,-0.07968290420814884,0.2791459829175973,-1.318795330885604
0.8721928973086948,0.5720608398532163,-0.10143584635793242,-0.5192699083877359,-0.7735039989688249,-0.5256061640286925,0.8404859417741879,-1.26620168295738,0.6766590427641107
0.6144560685743964,-2.0333970131645636,-0.7801125700772737,-0.949315888714674,-0.8703152131124745,-1.218642311953061,-0.8836688150917088,0.9715420150304098,-0.38689490541659116
-0.2096345035598655,-1.951976455257758,9.305078352219075,8.919757797883522,-1.1519478360758186,0.3907131773364607,-0.7767805148008293,1.202340692401352,0.2722331886824521
-0.9406186889385738,-0.9749297603760906,-0.30679985319341674,-0.006866013401205771,-0.3305193524327314,2.026428238904053,-0.9022580847075132,2.4667160553899685,-1.3015857200736185
-0.22527387423549053,0.6534813977600219,-0.39967088219482305,-0.8198290593097519,-0.07137822366437643,1.183832855842768,-0.7396019755692205,0.7256912500048477,-0.4256165297435584
0.2569921861651965,-0.24214473921483995,-0.43632322746385016,-0.09662476316323904,-0.4195074381607325,-0.6901973252707131,-0.874374180283805,0.8059690508295202,0.2825589551696434
0.04883216247262886,-0.5678269708420625,0.4226301912537742,-0.37134894987054945,1.8628902771047031,0.12637259207633378,1.4539318390957467,-0.8898994915917197,-0.8377867086906103
0.14063526833854703,-0.07930362340122869,-0.39386619490345454,-0.4035606618060182,1.5450756852189849,3.44761750812281,0.826543989562337,-1.160837069374998,-0.4290584519059555
0.0018097879745831507,0.2463786082259938,-0.23023898083365316,-0.17883792131421894,0.630747551640072,0.06719968761205404,-0.7860751496087331,0.720673887453303,0.2860008773320405
0.9634225595831732,0.4906402819464107,1.1078203001797926,0.02584192465871026,-0.4752472281222277,-0.2647764951572118,-0.823253688840342,0.7307086125563924,1.2876002265895947
-0.7246389799081938,-0.8935092024692849,-0.7088511072223197,0.5924267954611635,0.11539896725923034,-0.8522097600856001,-0.40964243988868465,0.6855523495925114,-1.095930870870392
-0.009763346325379165,1.3862664189212726,-0.6726000687112064,-0.3510384466216632,-0.10756019258675052,-0.20011092979895623,-0.7163653885494624,0.575170373458585,0.4804694795074762
0.07547122385677658,-1.300611992003313,-0.66556238050326,0.07791260451962456,0.23176800244200105,-1.300884592416547,-1.1996863985603905,1.1371149792312996,0.12164909407757946
-0.2945562863285088,0.4906402819464107,-0.4506389426386051,-0.1005806592928093,0.021521426271448926,-0.43399363232994664,-0.8418429584561464,0.8511253137934011,-0.022051156202499395
-1.4860678068687851,0.4906402819464107,-0.6761314689047571,0.20819360599597378,-0.36670132135510547,-0.6601268693740491,-0.40034780508078077,0.7006044372471385,-1.0236505054600533
-1.0518667456778523,0.5720608398532163,-0.1724434201587931,0.5390955137042381,-0.5407659286032835,-0.87873398185399,2.113850910456818,-2.1191533167195447,-0.9573935038339093
0.5666517255425694,-0.32356529712164556,0.37658015863346334,-0.29044192074478764,-0.09973706417110206,-0.5332046306271296,1.1100303512033602,-1.2812537706120068,0.26018646111406246
-0.7021704173708792,0.40921972403960505,-1.0889085486632515,0.024427422020944417,-0.6444223801106255,-1.3332443942134218,-1.3019273814473165,1.202340692401352,-0.6261084957031892
-0.4132591097565018,0.16495805031918817,-0.8007206815904072,0.2958746393287811,1.0052798245392416,2.662492723560842,-0.697776118933658,0.7457607002110123,-0.5039202589380922
0.19057699202937572,-0.5678269708420625,0.20193805228923198,-0.07533817297874568,0.7598291704982715,-0.9326075157836079,-0.6141244056625366,0.48987521008236784,1.675676950399867
0.19709339647755286,0.6534813977600219,0.5073639141202996,-0.15485572679574766,0.02543299047927315,1.0748590682902004,-0.8093117366284879,0.8059690508295202,-0.21996168054033202
1.3502884588625483,-0.16072418130803431,0.591695048566201,-0.47383377864516896,0.4107220649499594,-0.42958306142601954,-0.8371956410521961,0.6102919113193765,1.7376315493230146
1.5290464656849407,-1.6262942236305356,0.41475832269377844,-0.26981438561009286,-0.5779257885776137,-0.5150868859153512,-0.874374180283805,0.8661774014480281,0.5277959092404364
0.587608482247907,-0.07930362340122869,-0.05183412138520778,-0.724063761479506,-0.4195074381607325,1.0617222422544683,-0.5955351360467321,0.3794932339484414,-0.23717129135231751
-0.39767187031646234,-0.8935092024692849,0.9400462639636435,-0.13994481307201992,-0.8800941236320351,-0.6756944483141747,1.825717231411845,-0.9751946549679368,-1.0408601162720386
-1.2246817916435075,0.4906402819464107,-0.5685152332235374,0.07661903429219939,0.9984345871755492,0.6794474325217673,-0.7163653885494624,0.6153092738709213,-0.6476205092181709
0.38268059516163505,0.5720608398532163,0.5000259518691846,-0.24729353497916273,-0.86151419364487,-0.008340662889954354,0.9706108290848221,-1.2862711331635515,-0.16316996486078014
0.2057993128203175,-0.07930362340122869,-0.10425203831631194,-0.11345709621357906,-0.012704760547013047,0.6006514846618475,-0.8186063714363917,0.8160037759326024,-0.0022601037687159974
-0.8399532730231346,0.08353749241238255,-0.8956388719652895,0.2289832195073674,0.33444656289738695,-0.26345033251295935,-0.6698922145099531,0.6755176244894221,-0.33870799514303185
0.784038977933756,-0.4864064129352568,-0.13815509313335303,0.0544481689080866,0.3315128897415188,-0.46219570673452237,0.8079547199465293,-1.2561669578542976,1.0544100000871917
0.17973369502760939,1.1420047452008557,-0.37782545013977603,-0.28666160292011844,-0.51436287020047,-0.7018368836723018,0.8079547199465293,-1.1809065195811628,0.29460568273803345
0.4143242551619831,-0.32356529712164556,0.13461432210287858,-0.04029917090350384,1.3455859106199493,2.0449621075687645,0.803307402542579,-1.160837069374998,-0.17951909513216624
-0.7426763874207478,0.08353749241238255,-0.9589708844245058,-0.0826499270296081,2.298051795225148,2.678628913136069,-0.7442492929731708,0.6805349870409667,-0.5701772605642362
-0.9270645676863654,-1.2191914340965073,-0.6917334565450619,0.35667408714716115,0.4635281817555864,1.8463882953164936,-0.6094770882585863,0.5651356483554957,-0.6760163670579469
1.2398745018926365,-0.4049858550284512,1.5429024480017022,-0.0749338585061829,0.5838087811461813,-0.21767709208957783,-0.6420083100862448,0.34938905863918746,1.166272470365097
0.736234634901929,1.8747897663621063,-0.23823340771014676,-0.6604744126908473,-0.687449586396692,-0.5064046775799009,-0.6327136752783409,0.6504308117317128,0.9046863860229178
-0.7651449499580621,-1.8705558973509524,-0.36571307911396866,0.1482093803959292,-0.037152036845914456,-0.9171455678403002,-0.7349546581652702,0.8210211384841472,-0.24319465513651253
0.4176085230038641,-0.8935092024692849,1.3179310155841322,-0.06857919656392128,-0.38723703344618265,-0.043374960535121444,-0.3074014570017587,-0.4232847742983047,0.9812691541362532
-0.6986776245866564,1.3862664189212726,-0.34549630472808185,-0.10634671470396079,-0.1456979436130367,-0.1401848726740573,1.1007357163954563,-1.411705196952105,-0.8661825665303863
1.9429163449975617,0.4906402819464107,1.2013026074122015,-0.36513756598293706,-0.7079852984877691,-0.22493150990296218,1.0589098597598972,-1.251149595302753,1.9880313866374026
1.6561945492777712,-0.24214473921483995,1.5793475223222475,-0.2309848215532106,0.16624930196094528,0.15263055486156327,-0.8371956410521961,0.7457607002110123,0.706775861685085
-0.43395521028391204,-0.4864064129352568,-0.8045247923184335,-0.004998604791520729,1.1412066807611334,-1.6287192891444722,-0.6466556274901951,0.5350314730462488,0.5243539870780393
-0.5924341664635779,0.4906402819464107,-0.4980398940657089,-0.050419359066477265,-0.00879319633918882,1.1363248907569132,-0.8093117366284879,0.6604655368348022,-0.6321318594873839
-0.3198399355874358,1.3862664189212726,-0.24778700680006946,-0.4971280155233318,-0.7959954931638142,-0.721910947389878,1.6677084396775026,-1.8532331014878107,-0.8395076697718089
-0.5797662762163216,-1.300611992003313,-0.7293199024060336,0.4188240653627895,1.723051856674987,0.9927203357390115,-0.772133197396879,0.6805349870409667,-0.8481124751778016
0.8111472204381723,-1.7077147815373412,1.1496225411558503,-0.17537705080508384,-0.2904258193025331,0.9490505905320412,-0.8046644192245376,1.0016461903396638,-0.14768131512999322
-0.30102055954110035,-0.07930362340122869,-1.1140416019979502,-0.10388701307277126,-0.08898026259958544,-1.320506553057653,0.8404859417741879,-1.26620168295738,0.9588966600806722
-0.23142536003456943,-0.5678269708420625,0.3349966285393299,0.03308698887478178,1.4218614126725218,0.043525130250668155,2.401984589501792,-2.3399172689873975,-1.0554882854622265
-0.33480160020045013,0.4906402819464107,-0.5283776683719381,-0.4123785276013677,0.5319805553925103,0.6499447673205887,-0.6373609926822945,0.5551009232524133,0.0837879502912114
-0.08900282441521211,0.00211693450557693,0.34614631139903335,-0.09938852865140453,0.20047548877940724,-0.224058068293323,2.3973372720978414,-2.25462210561118,-0.799065084363643
3.4478929851129463,-0.8120886445624793,1.4656467627213323,-0.6655492522144981,0.12419998672683484,-0.03597119828766756,-0.10291949122790355,0.22395499485063405,0.28427991625084215
1.185970804297316,-0.649247528748868,1.5965156498332396,-0.34653315502571347,0.035211900998833714,0.4978667718775374,-1.2926327466394125,1.2926532183291068,0.7196830697940743
-0.3058166332149586,-1.0563503182828962,0.11592070596211126,0.1264843746471061,1.3993699184775323,1.1945044762932497,-0.6931288015297078,0.9564899273757829,-0.7379709659810946
-0.5164268249800409,-1.300611992003313,-0.23144299422158804,-0.1053443067879333,-0.012704760547013047,-0.6462793162977086,1.3935167128443833,-0.9099689417978913,-0.8102513313914336
-0.35893836227649795,0.08353749241238255,0.29086552152333295,-0.11398264615124747,0.48993124015839995,1.1117205736311155,0.636003976000336,-1.1056460813080349,0.10271852218439524
0.7588595911459998,-0.24214473921483995,0.8434625830526385,-0.3333851465180327,0.21318807245483598,0.44181795996824774,0.905548385429505,-1.2260627825450436,0.3918399838257513
