MedInc,HouseAge,AveRooms,AveBedrms,Population,AveOccup,Latitude,Longitude,Price
1.2292,36.0,4.833333333333333,1.0555555555555556,285.0,3.1666666666666665,38.59,-121.55,0.696
6.1834,16.0,8.263250883392226,1.0265017667844523,1902.0,3.360424028268551,33.09,-117.04,3.356
12.8879,28.0,7.703196347031963,1.0319634703196348,2431.0,2.7751141552511416,34.14,-118.51,5.00001
6.448,30.0,6.641025641025641,0.967948717948718,467.0,2.9935897435897436,37.34,-122.02,3.606
5.5111,16.0,5.7167470709855275,1.0379048931771193,3903.0,2.68986905582357,34.25,-118.61,2.766
2.3456,42.0,4.3983739837398375,1.2520325203252032,380.0,3.089430894308943,37.74,-122.18,0.835
3.6974,36.0,5.355305466237942,1.0337620578778135,1903.0,3.059485530546624,32.73,-117.08,1.22
3.5125,44.0,4.602605863192182,0.9706840390879479,1200.0,3.9087947882736156,33.94,-118.2,1.693
5.9401,34.0,6.226950354609929,0.9739952718676123,1114.0,2.6335697399527187,34.24,-118.5,3.153
0.8991,42.0,4.689922480620155,1.1317829457364341,945.0,3.6627906976744184,32.7,-117.13,0.789
4.2708,24.0,4.882943143812709,1.0050167224080269,1460.0,2.4414715719063547,34.31,-118.46,2.182
4.3281,35.0,4.823655913978494,1.064516129032258,1135.0,2.4408602150537635,33.99,-118.43,3.24
2.5556,11.0,5.825112107623318,1.2556053811659194,1158.0,5.192825112107624,34.96,-120.45,1.292
3.9224,39.0,5.332727272727273,1.0727272727272728,1886.0,3.429090909090909,34.05,-117.78,1.313
3.1442,21.0,4.709163346613546,0.9681274900398407,733.0,2.9203187250996017,34.65,-120.45,1.316
4.5491,43.0,5.984848484848484,1.0454545454545454,657.0,3.3181818181818183,34.12,-118.01,2.148
6.1273,26.0,7.0049504950495045,0.9876237623762376,1204.0,2.98019801980198,33.92,-118.0,2.896
6.6324,22.0,7.129098360655738,0.9323770491803278,1454.0,2.9795081967213113,33.73,-117.96,3.476
3.7277,33.0,4.765840220385675,1.0633608815426998,994.0,2.7382920110192837,34.03,-118.41,5.00001
4.0642,41.0,5.794520547945205,1.0356164383561643,1168.0,3.2,37.73,-122.41,2.725
1.6331,34.0,2.283471837488458,1.0812557710064634,2655.0,2.451523545706371,34.09,-118.32,1.625
1.7238,33.0,1.9268774703557312,1.034584980237154,3707.0,3.6630434782608696,34.06,-118.26,1.1
0.9283,10.0,6.463157894736842,1.4842105263157894,195.0,2.0526315789473686,39.33,-120.17,1.163
10.157,8.0,9.180451127819548,1.1077694235588973,2569.0,3.219298245614035,33.83,-117.81,4.771
3.0977,24.0,4.276084949215143,1.074792243767313,2360.0,2.1791320406278856,34.24,-118.54,2.64
3.5833,50.0,4.3386004514672685,0.963882618510158,1049.0,2.3679458239277653,37.78,-122.5,3.485
1.64,45.0,4.224043715846994,1.0136612021857923,1186.0,3.240437158469945,33.97,-118.27,0.968
3.0052,29.0,4.453551912568306,1.1256830601092895,590.0,3.2240437158469946,33.88,-118.17,1.667
4.9236,43.0,5.220843672456576,0.9627791563275434,1137.0,2.8213399503722085,37.26,-121.94,2.38
4.0345,25.0,5.466124661246613,0.967479674796748,1063.0,2.8807588075880757,33.7,-117.99,2.294
2.1927,43.0,4.32994923857868,1.011844331641286,1820.0,3.0795262267343486,38.68,-121.77,1.079
3.244,38.0,4.494949494949495,1.0101010101010102,481.0,2.4292929292929295,37.71,-122.17,1.798
4.5795,34.0,4.845622119815668,0.9838709677419355,1355.0,3.122119815668203,34.04,-118.12,2.353
1.7548,30.0,4.227920227920228,1.1794871794871795,1200.0,3.4188034188034186,36.21,-121.13,0.958
3.0179,37.0,4.822222222222222,1.0507936507936508,613.0,1.946031746031746,34.19,-118.32,2.725
4.3571,20.0,6.212765957446808,1.0638297872340425,1679.0,2.747954173486088,37.96,-122.1,2.282
2.4821,30.0,6.477987421383648,1.0125786163522013,448.0,2.8176100628930816,39.52,-121.53,0.738
6.4246,25.0,6.051808406647116,1.056695992179863,2297.0,2.2453567937438903,33.72,-118.33,4.467
5.7763,14.0,6.847746650426309,1.048721071863581,3108.0,3.7856272838002436,33.99,-117.72,2.067
3.5536,19.0,5.742599742599743,1.0656370656370657,2229.0,2.8687258687258685,40.36,-120.71,1.057
7.8705,52.0,8.096774193548388,1.118279569892473,547.0,2.9408602150537635,34.03,-118.5,5.00001
5.5429,16.0,6.214421252371917,1.0037950664136623,1863.0,3.5351043643263758,37.38,-121.87,2.691
2.6071,52.0,4.074906367041199,1.142322097378277,486.0,1.8202247191011236,37.86,-122.27,2.5
5.4635,37.0,5.8108108108108105,1.0115830115830116,798.0,3.081081081081081,34.06,-117.93,2.021
2.625,41.0,3.1154791154791153,0.9778869778869779,1887.0,4.636363636363637,34.05,-118.2,1.5
3.2109,34.0,4.02676399026764,1.094890510948905,870.0,2.116788321167883,32.84,-117.27,3.76
6.5515,18.0,6.552117263843648,0.994299674267101,4276.0,3.482084690553746,33.88,-118.1,3.196
2.7212,40.0,4.691312384473198,1.0425138632162663,2170.0,4.011090573012939,33.89,-118.2,1.079
3.7315,22.0,4.638386648122392,1.0486787204450625,1500.0,2.086230876216968,33.65,-117.98,1.979
8.1926,15.0,7.429495472186288,1.0,2380.0,3.0789133247089264,33.64,-117.7,3.266
4.65,15.0,3.425806451612903,0.9935483870967742,469.0,3.0258064516129033,37.2,-121.7,3.857
2.6944,19.0,5.439363817097416,1.091451292246521,1432.0,2.8469184890656063,36.08,-119.03,0.677
7.1155,52.0,8.82213438735178,1.150197628458498,731.0,2.889328063241107,37.97,-122.55,5.00001
1.9923,42.0,2.9171029668411865,1.0322862129144852,3480.0,3.0366492146596857,34.05,-118.32,2.5
2.8417,34.0,3.564638783269962,0.9524714828897338,1491.0,2.834600760456274,33.99,-118.47,3.214
1.8158,33.0,5.690721649484536,1.2371134020618557,347.0,3.577319587628866,34.75,-117.14,1.0
2.1187,37.0,4.668269230769231,1.1923076923076923,647.0,3.110576923076923,37.72,-122.4,2.393
1.975,35.0,4.699346405228758,1.088235294117647,794.0,2.5947712418300655,34.03,-118.35,1.381
5.2882,25.0,5.987197724039829,1.0398293029871977,2568.0,3.6529160739687057,37.54,-122.05,2.231
5.3275,5.0,6.490059642147117,0.9910536779324056,3464.0,3.4433399602385686,33.69,-117.39,1.687
7.875,30.0,7.550925925925926,0.9814814814814815,523.0,2.4212962962962963,33.89,-117.91,3.519
2.0734,28.0,3.974063400576369,1.1109510086455332,2877.0,4.145533141210374,34.05,-117.73,1.133
8.3209,12.0,7.586151368760064,1.0611916264090178,2089.0,3.363929146537842,37.81,-121.82,4.854
3.0833,24.0,2.8472222222222223,0.9801587301587301,3171.0,6.291666666666667,33.74,-117.9,1.517
2.6083,52.0,3.74618320610687,1.0782442748091603,1628.0,3.1068702290076335,37.77,-122.41,1.938
4.0556,49.0,4.968599033816425,1.038647342995169,1103.0,2.6642512077294684,34.1,-118.12,2.826
1.1346,42.0,3.5921052631578947,1.0219298245614035,899.0,3.942982456140351,33.93,-118.25,0.854
6.4223,52.0,6.340163934426229,1.0635245901639345,1309.0,2.682377049180328,34.18,-118.13,3.109
3.0221,25.0,4.350364963503649,0.8394160583941606,426.0,3.1094890510948905,33.18,-117.17,2.143
5.0497,38.0,6.537444933920705,1.0462555066079295,1176.0,2.590308370044053,38.58,-121.38,1.917
3.13,18.0,5.829457364341085,1.3837209302325582,660.0,2.558139534883721,41.88,-123.83,1.167
3.6336,27.0,5.319630872483222,1.0813758389261745,2899.0,2.432046979865772,34.14,-117.98,2.352
2.6719,35.0,4.455026455026455,1.0634920634920635,763.0,4.037037037037037,33.88,-118.23,1.098
3.8047,13.0,4.079741379310345,1.0495689655172413,1018.0,2.1939655172413794,37.26,-121.88,2.047
1.24,24.0,2.967984934086629,1.0922787193973635,1630.0,3.0696798493408664,34.41,-119.86,3.25
5.3307,16.0,6.005353319057816,1.019271948608137,2624.0,2.809421841541756,33.87,-117.78,1.696
2.9052,52.0,3.6545209176788123,1.0283400809716599,1460.0,1.9703103913630229,37.75,-122.42,4.0
4.4271,44.0,5.51417004048583,0.9595141700404858,709.0,2.8704453441295548,33.88,-118.36,3.362
2.8378,25.0,4.099778270509978,1.1485587583148558,1498.0,3.3215077605321506,33.96,-118.36,1.7
3.0147,17.0,4.3626168224299064,1.0037383177570094,1662.0,3.1065420560747663,33.87,-117.99,2.17
2.2961,10.0,4.308219178082192,0.958904109589041,635.0,4.3493150684931505,38.03,-121.33,1.267
5.6485,26.0,7.629787234042553,1.0382978723404255,653.0,2.7787234042553193,38.57,-121.36,1.295
2.212,19.0,4.47953216374269,0.9961013645224172,1246.0,2.4288499025341133,34.96,-120.42,1.32
4.3429,9.0,6.17828418230563,1.0697050938337802,2582.0,3.46112600536193,33.26,-117.26,1.739
2.3804,37.0,6.238970588235294,1.2279411764705883,740.0,2.7205882352941178,34.64,-120.46,1.48
4.2042,52.0,3.878313253012048,1.1674698795180722,1152.0,1.3879518072289156,37.79,-122.43,5.00001
3.6466,21.0,5.769230769230769,1.0262237762237763,1896.0,3.3146853146853146,34.09,-117.41,1.306
6.8586,21.0,6.876623376623376,0.974025974025974,400.0,2.5974025974025974,38.4,-122.65,3.431
1.7991,43.0,4.332613390928726,1.019438444924406,1687.0,3.6436285097192225,34.03,-118.15,1.588
2.8958,21.0,7.824561403508772,1.280701754385965,182.0,3.192982456140351,38.0,-121.25,1.35
10.2666,24.0,8.063545150501673,1.0,847.0,2.8327759197324416,37.26,-122.02,5.00001
1.7935,20.0,5.628571428571429,1.1904761904761905,512.0,2.4380952380952383,40.75,-122.56,0.745
3.48,52.0,4.757281553398058,1.0679611650485437,689.0,2.2297734627831716,37.83,-122.26,1.914
3.1815,19.0,4.677839851024209,0.9478584729981379,1856.0,3.456238361266294,36.93,-121.79,1.891
2.5045,15.0,4.103932584269663,1.1657303370786516,924.0,2.595505617977528,36.74,-119.78,0.903
2.6563,30.0,5.223175965665236,1.0214592274678111,677.0,2.9055793991416308,39.49,-121.52,0.636
1.1853,16.0,3.996941896024465,1.0978593272171253,961.0,2.9388379204892967,32.8,-115.57,0.726
3.15,14.0,6.364341085271318,1.317829457364341,477.0,3.697674418604651,40.69,-121.83,0.875
2.8214,40.0,3.7713178294573644,1.054263565891473,1257.0,4.872093023255814,33.98,-118.19,1.58
5.0322,43.0,3.6581986143187066,1.1016166281755195,799.0,1.8452655889145497,33.85,-118.42,4.35
5.7295,35.0,5.645045045045045,0.9747747747747748,1449.0,2.610810810810811,37.28,-122.0,3.461
1.5273,46.0,4.764065335753176,1.0762250453720508,1368.0,2.4827586206896552,36.75,-119.8,0.59
3.1917,6.0,7.058011049723757,1.441988950276243,1938.0,2.6767955801104972,34.57,-117.1,1.128
3.0549,7.0,5.196351931330472,1.0643776824034334,2223.0,2.3851931330472103,40.58,-122.34,1.017
3.5714,48.0,5.94392523364486,1.0311526479750779,789.0,2.457943925233645,35.4,-118.99,0.846
2.9821,46.0,4.398963730569948,0.9922279792746114,726.0,1.8808290155440415,38.55,-121.44,0.97
4.131,24.0,5.397163120567376,1.0673758865248226,2541.0,4.50531914893617,33.88,-117.51,1.238
2.6058,26.0,5.789156626506024,1.0210843373493976,1148.0,3.4578313253012047,36.62,-119.34,0.922
3.6,32.0,4.643086816720257,1.0192926045016077,1177.0,3.784565916398714,34.23,-118.37,1.646
4.0426,15.0,6.884803921568627,1.1029411764705883,1267.0,3.105392156862745,39.23,-121.0,1.917
6.4823,13.0,6.911804613297151,1.0366350067842605,2230.0,3.0257801899592947,34.23,-118.85,2.909
5.0528,26.0,6.064516129032258,0.967741935483871,937.0,2.5188172043010755,38.13,-121.3,1.537
4.2841,46.0,6.521390374331551,1.1470588235294117,944.0,2.5240641711229945,33.84,-118.13,3.124
1.125,18.0,5.4875,1.38125,837.0,2.615625,38.64,-121.44,0.705
4.2204,29.0,5.8457223001402525,1.040673211781206,2096.0,2.9396914446002804,32.63,-117.06,1.698
2.875,40.0,4.468822170900693,1.0646651270207852,1616.0,3.7321016166281753,33.92,-118.29,1.202
2.0548,52.0,2.976470588235294,1.2666666666666666,421.0,1.6509803921568627,37.77,-122.42,1.625
3.9934,20.0,5.502336448598131,1.091121495327103,1198.0,2.7990654205607477,34.94,-116.96,0.885
6.7527,23.0,7.064024390243903,1.024390243902439,955.0,2.9115853658536586,37.8,-122.18,2.858
2.5735,31.0,4.622425629290618,1.0892448512585813,1408.0,3.2219679633867275,38.43,-122.72,1.311
3.1458,41.0,4.481675392670157,0.9319371727748691,571.0,2.9895287958115184,37.74,-122.15,1.306
3.2226,11.0,4.927272727272728,1.062121212121212,1814.0,2.7484848484848485,35.32,-120.83,1.832
3.7578,16.0,2.539473684210526,0.5921052631578947,312.0,4.105263157894737,34.2,-117.38,1.375
5.7422,37.0,5.836448598130841,1.0186915887850467,583.0,2.7242990654205608,33.86,-118.36,3.307
2.375,33.0,4.204819277108434,1.4939759036144578,460.0,5.542168674698795,34.02,-117.96,1.333
8.4355,3.0,7.0,1.1063829787234043,2330.0,2.609182530795073,32.96,-117.21,4.676
6.0653,18.0,6.556732223903177,0.9697428139183056,1777.0,2.6883509833585477,35.63,-117.68,1.053
6.4391,34.0,5.32258064516129,0.967741935483871,269.0,2.89247311827957,33.86,-118.32,2.523
2.925,26.0,5.283524904214559,1.0938697318007662,1291.0,2.4731800766283527,35.52,-120.69,1.814
3.2361,28.0,3.654054054054054,0.9567567567567568,543.0,2.9351351351351354,34.1,-118.07,1.875
4.8542,18.0,7.328888888888889,1.0577777777777777,2227.0,3.299259259259259,38.71,-121.23,1.705
3.3603,14.0,6.552123552123552,1.1737451737451738,2866.0,2.7664092664092665,35.07,-120.56,2.802
2.1746,20.0,4.711111111111111,1.0464646464646465,1856.0,3.7494949494949497,39.74,-122.01,0.587
1.8355,29.0,4.487364620938628,1.1263537906137184,836.0,3.0180505415162453,36.68,-119.76,0.742
5.4876,35.0,6.163265306122449,0.9941690962099126,1077.0,3.139941690962099,33.8,-117.98,2.275
3.8529,31.0,5.652777777777778,1.0638888888888889,866.0,2.4055555555555554,32.82,-117.21,2.12
0.536,16.0,4.5,1.5,3.0,0.75,34.04,-118.44,3.5
4.0769,32.0,5.392592592592592,0.9925925925925926,837.0,6.2,33.73,-117.89,1.639
4.5588,17.0,6.053691275167785,1.0201342281879195,750.0,2.5167785234899327,38.43,-122.67,1.964
4.3482,9.0,5.7924528301886795,1.1037735849056605,409.0,1.929245283018868,35.36,-119.06,0.952
5.343,17.0,6.3180327868852455,1.0098360655737706,2585.0,2.8251366120218577,33.7,-117.95,2.319
1.75,30.0,3.727272727272727,1.0822510822510822,1062.0,4.597402597402597,33.98,-118.24,1.154
2.761,42.0,3.1387900355871885,1.0391459074733096,1248.0,4.4412811387900355,34.03,-118.17,1.2
3.5056,23.0,3.720532319391635,0.9828897338403042,1454.0,2.76425855513308,33.75,-118.3,2.031
6.2275,34.0,6.215302491103203,0.9750889679715302,2865.0,2.548932384341637,37.88,-122.14,3.944
3.6667,38.0,5.182222222222222,0.9911111111111112,584.0,2.5955555555555554,38.42,-122.86,2.444
3.2674,28.0,4.8782791185729275,1.0251836306400839,2606.0,2.734522560335782,37.92,-122.32,1.291
2.0549,44.0,3.8976833976833976,1.1872586872586872,1243.0,2.3996138996139,37.35,-121.89,1.938
3.1901,52.0,4.7309417040358746,1.0179372197309418,3731.0,4.182735426008969,33.97,-118.21,1.676
2.2083,52.0,4.107438016528926,1.0909090909090908,547.0,4.520661157024794,34.03,-118.21,1.463
4.625,39.0,5.762452107279693,1.0727969348659003,718.0,2.7509578544061304,34.11,-118.02,2.19
4.0972,52.0,2.1481481481481484,1.9259259259259258,41.0,1.5185185185185186,34.05,-118.26,5.00001
8.155,16.0,7.282798833819242,0.9620991253644315,1027.0,2.9941690962099123,37.8,-121.98,3.437
4.7357,24.0,6.016985138004246,0.9978768577494692,1815.0,3.8535031847133756,34.05,-117.7,1.625
2.0865,40.0,5.2288557213930345,1.1691542288557213,574.0,2.855721393034826,34.64,-120.45,1.115
5.1786,16.0,6.860714285714286,1.1142857142857143,862.0,3.0785714285714287,33.28,-117.17,3.768
15.0001,43.0,5.6875,0.75,58.0,3.625,37.46,-121.87,5.00001
3.8036,14.0,5.851293103448276,1.0775862068965518,1540.0,3.3189655172413794,33.83,-117.11,1.396
6.1953,14.0,6.684418145956608,0.9339250493096647,2768.0,2.7297830374753453,38.31,-122.33,2.589
6.3542,8.0,6.199324324324325,0.9054054054054054,1723.0,2.910472972972973,32.95,-117.12,2.181
4.4519,14.0,5.424180327868853,1.055327868852459,1487.0,3.0471311475409837,34.63,-120.2,2.279
4.1573,19.0,6.162629757785467,1.0484429065743945,1677.0,2.9013840830449826,34.63,-118.18,2.281
2.8321,29.0,4.823529411764706,1.1058823529411765,939.0,2.761764705882353,37.79,-122.2,1.5
5.749,36.0,5.822368421052632,0.9736842105263158,938.0,3.085526315789474,34.26,-118.48,2.38
2.7183,48.0,3.9053803339517623,1.098330241187384,1807.0,3.352504638218924,33.79,-118.2,1.904
1.9189,28.0,3.097560975609756,1.0540069686411149,2184.0,3.8048780487804876,34.06,-118.06,1.659
2.3236,21.0,3.6583990980834273,1.0811724915445322,3528.0,3.9774520856820743,34.07,-118.02,1.563
4.0938,37.0,5.979591836734694,1.0463821892393321,1325.0,2.458256029684601,38.13,-122.24,1.269
6.6354,41.0,6.3893280632411065,1.0671936758893281,1251.0,2.472332015810277,37.45,-122.13,5.00001
7.5118,11.0,7.337962962962963,0.9722222222222222,1418.0,3.2824074074074074,34.22,-118.84,3.619
4.5581,25.0,3.9016253207869975,1.260906757912746,1525.0,1.3045337895637297,37.8,-122.39,5.00001
2.7708,30.0,3.619389587073609,1.1166965888689409,1359.0,2.4398563734290843,34.17,-118.38,1.923
5.0524,18.0,5.187869822485207,1.051775147928994,1224.0,1.8106508875739644,37.91,-122.38,2.698
3.625,31.0,5.443243243243243,0.9783783783783784,563.0,3.0432432432432432,38.7,-121.47,0.913
4.8382,45.0,5.4944444444444445,0.9666666666666667,504.0,2.8,37.51,-122.25,2.894
4.3008,37.0,5.862686567164179,0.9402985074626866,915.0,2.7313432835820897,38.02,-121.33,1.198
2.6385,26.0,3.676025917926566,0.9848812095032398,2776.0,5.995680345572354,33.73,-117.86,1.802
1.4702,41.0,4.564285714285714,1.1,839.0,2.9964285714285714,38.54,-121.45,0.583
1.6943,31.0,3.8689591078066914,1.154275092936803,3928.0,3.650557620817844,33.98,-117.35,0.859
4.2099,21.0,6.283464566929134,1.0918635170603674,1291.0,3.388451443569554,33.98,-117.5,1.387
3.7344,46.0,4.817767653758542,1.0546697038724373,1133.0,2.580865603644647,34.19,-118.33,2.22
2.7048,8.0,4.228404099560762,0.9692532942898975,2441.0,3.5739385065885796,32.59,-117.08,1.53
2.4141,13.0,5.37910447761194,1.0507462686567164,1598.0,2.3850746268656717,40.64,-122.39,0.787
2.0161,11.0,3.82312925170068,1.1156462585034013,504.0,3.4285714285714284,34.64,-120.46,1.188
12.4291,34.0,9.666666666666666,1.1218637992831542,810.0,2.903225806451613,37.58,-122.37,5.00001
2.837,38.0,4.57089552238806,1.0149253731343284,1823.0,3.4011194029850746,34.07,-117.64,1.112
7.2982,4.0,7.184415584415585,1.0103896103896104,3651.0,4.741558441558442,37.33,-121.81,3.43
1.3967,21.0,3.8929577464788734,0.9211267605633803,1469.0,4.138028169014085,36.1,-119.58,0.465
4.8906,36.0,6.34703196347032,1.0502283105022832,683.0,3.1187214611872145,33.85,-118.36,3.344
3.9063,20.0,5.45719661335842,1.0799623706491064,2586.0,2.4327375352775165,38.61,-121.34,1.621
3.8125,36.0,3.3142857142857145,0.8571428571428571,193.0,5.514285714285714,34.0,-117.92,1.363
3.1977,31.0,3.6412213740458017,0.9414758269720102,704.0,1.7913486005089059,36.58,-121.9,2.893
4.0417,23.0,10.639455782312925,2.0272108843537415,339.0,2.306122448979592,38.94,-119.98,0.993
3.5347,36.0,4.176691729323308,1.0338345864661653,1333.0,5.011278195488722,34.27,-118.44,1.581
2.3859,31.0,3.7352185089974292,1.038560411311054,1486.0,3.8200514138817483,34.07,-118.21,1.531
4.537,29.0,5.126126126126126,0.9774774774774775,964.0,4.342342342342342,33.89,-118.07,1.853
4.1806,44.0,6.470046082949309,1.055299539170507,513.0,2.3640552995391704,32.74,-117.23,2.638
3.4009,22.0,6.2148337595907925,1.0664961636828645,1292.0,3.3043478260869565,37.76,-121.25,1.824
3.5174,36.0,4.5479452054794525,1.0943683409436835,1357.0,2.0654490106544903,34.21,-118.23,2.68
3.0278,26.0,5.803347280334728,1.1589958158995817,664.0,2.778242677824268,34.07,-117.39,0.968
1.6071,27.0,4.190476190476191,1.0389610389610389,587.0,2.5411255411255413,36.97,-120.07,0.55
3.52,32.0,5.897297297297297,1.0972972972972972,1122.0,3.0324324324324325,36.96,-122.03,2.842
6.4211,19.0,7.578723404255319,0.9340425531914893,1584.0,3.370212765957447,33.6,-117.69,2.881
7.9885,5.0,12.626865671641792,3.716417910447761,117.0,1.7462686567164178,33.74,-116.44,4.033
2.2755,21.0,4.064606741573034,0.9620786516853933,2109.0,2.962078651685393,32.58,-117.11,1.25
2.1056,34.0,4.260194174757282,1.007766990291262,1326.0,2.574757281553398,34.9,-117.01,0.72
2.4069,52.0,3.5381165919282513,1.0919282511210762,879.0,1.9708520179372198,32.73,-117.17,2.15
10.7582,25.0,8.715,1.06,604.0,3.02,37.25,-121.99,5.00001
2.6136,28.0,3.7789115646258504,1.0204081632653061,526.0,1.7891156462585034,34.09,-118.36,3.833
3.3839,36.0,5.621621621621622,0.9954954954954955,672.0,3.027027027027027,38.26,-122.06,1.059
2.3664,20.0,3.685121107266436,1.1314878892733564,1870.0,3.235294117647059,34.07,-118.13,1.922
3.1275,29.0,4.5015641293013555,1.08133472367049,2102.0,2.191866527632951,33.8,-118.32,2.864
4.5208,10.0,6.233243967828418,1.0991957104557641,1016.0,2.7238605898123325,39.37,-120.1,1.173
2.1764,24.0,4.407365439093485,1.0396600566572238,3996.0,2.2640226628895186,34.02,-117.51,1.353
5.9547,18.0,6.5473251028806585,1.102880658436214,547.0,2.251028806584362,32.95,-117.24,3.293
5.7934,52.0,4.151565074135091,1.0691927512355848,959.0,1.5799011532125207,37.8,-122.43,5.00001
2.0109,15.0,7.124542124542124,1.9633699633699633,515.0,1.8864468864468864,33.4,-115.99,0.543
4.4636,42.0,3.6580459770114944,0.8879310344827587,1203.0,3.456896551724138,33.9,-118.29,1.62
2.825,41.0,4.185185185185185,1.0555555555555556,1159.0,3.066137566137566,34.22,-118.44,1.686
2.6339,13.0,4.1058020477815695,0.9965870307167235,1035.0,3.532423208191126,33.21,-117.25,1.17
1.186,24.0,3.3642611683848798,0.9862542955326461,546.0,1.8762886597938144,38.55,-121.47,0.67
4.3654,31.0,5.155555555555556,1.0277777777777777,990.0,2.75,34.19,-118.55,2.238
2.7075,29.0,3.6126829268292684,1.048780487804878,1611.0,1.5717073170731708,37.51,-122.26,3.238
3.4583,28.0,4.28125,1.0677083333333333,627.0,3.265625,33.84,-118.21,1.663
3.5179,29.0,3.4613259668508287,1.0359116022099448,1198.0,3.3093922651933703,33.65,-117.93,2.25
3.2149,22.0,3.6862745098039214,1.1495098039215685,1224.0,1.5,34.08,-118.37,3.0
1.6303,14.0,4.380653266331659,1.1168341708542713,2352.0,2.9547738693467336,35.65,-120.69,1.449
4.1957,11.0,5.569587628865979,0.9561855670103093,1267.0,3.265463917525773,35.31,-119.04,0.927
6.7857,16.0,7.730538922155689,0.9660678642714571,1451.0,2.8962075848303392,37.79,-121.97,3.413
3.5083,52.0,4.047835990888383,1.0341685649202734,671.0,1.5284738041002277,34.08,-118.33,5.00001
4.1339,35.0,4.780621572212066,0.9597806215722121,1312.0,2.3985374771480803,32.74,-117.23,2.382
1.6112,25.0,2.435483870967742,1.063895781637717,4865.0,3.017990074441687,34.1,-118.3,2.625
3.4792,34.0,4.624338624338624,1.0211640211640212,917.0,2.425925925925926,33.94,-118.03,1.69
8.0957,36.0,6.976666666666667,1.01,802.0,2.6733333333333333,33.78,-118.42,5.00001
2.35,14.0,5.3418803418803416,1.1623931623931625,721.0,3.0811965811965814,38.51,-119.54,0.957
7.6107,33.0,7.554166666666666,1.0458333333333334,1348.0,2.808333333333333,37.88,-122.17,4.232
6.8322,25.0,6.578212290502793,1.0642458100558658,823.0,2.298882681564246,32.92,-117.29,5.00001
2.9485,29.0,5.37218045112782,1.0075187969924813,672.0,2.526315789473684,40.92,-124.0,0.988
2.7589,26.0,3.755434782608696,1.0516304347826086,1977.0,5.372282608695652,33.75,-118.0,1.375
2.2566,52.0,4.995348837209303,0.9790697674418605,975.0,2.2674418604651163,40.79,-124.16,0.927
2.2542,43.0,4.554621848739496,1.0532212885154062,1284.0,3.596638655462185,37.79,-122.24,1.122
3.125,16.0,6.815789473684211,1.394736842105263,131.0,3.4473684210526314,35.91,-120.0,0.625
2.8906,18.0,6.485714285714286,1.1428571428571428,272.0,2.5904761904761906,39.1,-122.94,1.406
2.75,24.0,3.5291073738680465,1.093143596377749,2023.0,2.617076326002587,33.92,-118.35,2.397
6.2083,17.0,7.403940886699507,1.0517241379310345,1291.0,3.1798029556650245,34.12,-117.65,2.427
4.2431,15.0,5.217235188509874,0.9640933572710951,1886.0,3.385996409335727,37.81,-121.23,1.371
2.2647,25.0,4.392628205128205,0.9983974358974359,2272.0,3.641025641025641,34.4,-119.88,2.167
4.1172,37.0,5.256613756613756,1.0555555555555556,1279.0,3.3835978835978837,34.07,-117.95,1.765
3.9741,28.0,5.082585278276481,0.9910233393177738,2330.0,4.1831238779174145,34.08,-117.96,1.731
4.988,4.0,6.020026702269693,1.0493991989319091,4438.0,2.9626168224299065,32.95,-117.12,2.637
4.1576,26.0,5.175925925925926,1.0169753086419753,2020.0,3.117283950617284,34.21,-118.86,2.118
4.0096,5.0,5.061293984108967,1.0170261066969353,2028.0,2.3019296254256525,34.04,-117.69,1.826
4.5432,2.0,7.6216498433693,1.222763661677689,8652.0,3.011486251305256,38.72,-121.35,1.513
3.1384,46.0,5.627249357326479,1.0874035989717223,866.0,2.2262210796915167,33.95,-117.4,1.115
3.55,17.0,4.794007490636704,0.951310861423221,707.0,2.647940074906367,37.09,-119.65,1.063
5.4088,27.0,4.711656441717792,1.156441717791411,553.0,1.696319018404908,33.9,-118.43,5.00001
4.6625,11.0,5.232666666666667,1.1093333333333333,3561.0,2.374,34.25,-118.52,2.909
2.2478,31.0,5.123809523809523,1.1,1259.0,2.9976190476190476,40.8,-124.13,0.811
8.4016,33.0,7.376044568245125,0.9944289693593314,863.0,2.403899721448468,38.57,-121.39,3.387
2.8281,14.0,6.108108108108108,1.3397683397683398,825.0,3.1853281853281854,34.03,-117.33,1.063
4.1121,40.0,5.436440677966102,1.0423728813559323,594.0,2.516949152542373,34.24,-118.37,2.292
2.4348,44.0,4.868263473053892,1.1467065868263473,1063.0,3.182634730538922,34.07,-118.15,2.207
5.078,26.0,5.922680412371134,0.9948453608247423,500.0,2.577319587628866,38.66,-121.32,1.634
1.2647,22.0,4.997214484679666,1.2116991643454038,1127.0,3.139275766016713,36.58,-119.63,0.553
2.6833,8.0,5.439024390243903,1.1280487804878048,427.0,2.6036585365853657,38.57,-120.72,1.188
2.3958,33.0,4.941309255079007,1.1218961625282167,1459.0,3.293453724604966,34.6,-118.12,0.945
3.8456,35.0,5.461346633416459,0.9576059850374065,1154.0,2.8778054862842892,37.96,-122.05,1.598
2.3333,32.0,5.816976127320955,1.1405835543766578,1074.0,2.848806366047745,34.65,-120.47,1.302
2.5166,52.0,2.8390750353940537,1.1840490797546013,3436.0,1.6215195847097688,37.79,-122.41,2.75
3.6333,7.0,7.2434554973821985,1.1073298429319371,1143.0,2.992146596858639,39.11,-121.05,1.702
1.7222,18.0,4.7908745247148286,1.0190114068441065,576.0,2.1901140684410647,37.29,-120.44,1.015
5.1733,28.0,6.519630484988452,1.0993071593533488,1189.0,2.7459584295612007,33.19,-117.35,1.981
3.4583,41.0,4.582945736434109,1.0852713178294573,1212.0,1.8790697674418604,34.02,-118.45,4.219
2.288,41.0,4.340782122905028,1.1843575418994414,1839.0,3.4245810055865924,34.0,-118.47,2.635
2.4922,24.0,4.731884057971015,0.9637681159420289,889.0,3.221014492753623,36.19,-119.37,0.661
11.1077,32.0,8.010526315789473,1.063157894736842,295.0,3.1052631578947367,34.07,-117.85,5.00001
4.1303,16.0,3.3026444662095984,1.078354554358472,2049.0,2.006856023506366,37.67,-122.46,1.465
3.9306,37.0,4.58256880733945,1.0825688073394495,1030.0,2.3623853211009176,33.64,-117.91,2.684
2.7006,17.0,4.499388004895961,1.039779681762546,3331.0,2.0385556915544676,32.79,-117.03,1.663
6.2742,20.0,7.055813953488372,1.0488372093023255,1669.0,3.8813953488372093,37.32,-121.79,2.413
3.0208,27.0,5.6409638554216865,1.0072289156626506,1272.0,3.0650602409638554,33.96,-117.41,1.127
1.9727,21.0,5.366883116883117,1.3603896103896105,737.0,2.392857142857143,38.9,-120.0,1.141
1.0208,25.0,3.5,0.9230769230769231,71.0,1.3653846153846154,38.38,-121.94,0.786
5.0309,29.0,6.239690721649485,1.0360824742268042,1120.0,2.88659793814433,34.2,-118.62,2.448
2.1806,20.0,2.6335540838852096,1.0022075055187638,1880.0,4.150110375275938,34.04,-118.28,1.8
2.8125,26.0,5.542465753424658,1.0547945205479452,922.0,2.526027397260274,39.93,-120.95,0.835
3.0739,36.0,4.178997613365155,1.045346062052506,1175.0,2.804295942720764,33.88,-118.29,2.186
3.0217,22.0,4.983870967741935,1.1008064516129032,615.0,2.4798387096774195,38.76,-120.6,1.069
2.5784,28.0,3.2795081967213116,1.1081967213114754,1799.0,1.4745901639344263,34.09,-118.38,2.729
2.4732,26.0,4.35673624288425,1.081593927893738,1415.0,2.685009487666034,33.86,-117.91,1.658
2.5333,43.0,5.9753086419753085,1.228395061728395,434.0,2.6790123456790123,37.72,-122.47,2.393
1.4958,31.0,4.5,0.9505208333333334,1167.0,3.0390625,39.09,-121.55,0.534
3.9028,52.0,7.4728260869565215,1.75,287.0,1.559782608695652,37.81,-122.45,5.00001
4.537,33.0,4.556989247311828,1.1268817204301076,872.0,1.875268817204301,33.74,-118.1,4.955
2.1083,20.0,4.2041467304625195,1.10207336523126,1142.0,1.821371610845295,37.96,-122.03,1.625
2.8622,26.0,4.516501650165017,1.0132013201320131,1877.0,3.097359735973597,33.79,-117.92,1.843
1.7772,45.0,3.882608695652174,1.1434782608695653,1475.0,3.2065217391304346,37.79,-122.25,0.975
8.1782,25.0,6.954545454545454,1.0265151515151516,4168.0,2.6313131313131315,33.78,-118.34,5.00001
3.4583,43.0,5.599264705882353,1.0238970588235294,1333.0,2.4503676470588234,37.7,-122.13,1.837
5.9629,39.0,5.948529411764706,0.9828431372549019,1178.0,2.8872549019607843,37.48,-122.17,3.527
4.2898,11.0,5.396694214876033,1.0909090909090908,2004.0,2.3659976387249113,36.99,-121.94,2.217
1.8061,5.0,3.0027624309392267,0.9337016574585635,623.0,1.7209944751381216,36.83,-119.71,1.134
3.0,52.0,3.9604166666666667,1.09375,1856.0,3.8666666666666667,34.11,-118.2,1.564
6.3364,48.0,6.467576791808874,1.0034129692832765,881.0,3.006825938566553,33.84,-118.13,3.074
2.2883,33.0,3.9787472035794185,1.0,2659.0,2.9742729306487696,38.14,-121.27,0.869
5.4372,30.0,6.227848101265823,1.0202531645569621,1277.0,3.232911392405063,33.79,-118.01,2.232
6.3639,10.0,6.658385093167702,1.0890269151138716,1539.0,3.186335403726708,35.41,-118.94,1.43
0.8894,20.0,2.46875,1.1026785714285714,851.0,1.8995535714285714,37.34,-121.89,3.5
5.2957,18.0,6.4839319470699435,1.0198487712665407,3205.0,3.0293005671077506,38.09,-122.2,1.719
7.2554,16.0,7.577154308617234,1.0100200400801602,1665.0,3.3366733466933867,33.85,-117.78,3.356
2.8565,12.0,4.863881401617251,0.9595687331536388,2650.0,3.5714285714285716,37.73,-120.95,0.927
2.3496,17.0,4.5513918629550325,0.9625267665952891,3265.0,3.4957173447537473,39.12,-121.54,0.65
3.5078,15.0,6.254587155963303,1.146788990825688,1228.0,2.81651376146789,36.83,-119.71,1.09
3.0132,30.0,4.598006644518272,1.0232558139534884,2054.0,6.823920265780731,34.28,-118.43,1.426
2.1976,52.0,4.590322580645161,1.1370967741935485,1519.0,2.45,38.11,-122.25,0.979
5.0423,25.0,5.85590465872156,1.017334777898158,2831.0,3.067172264355363,37.53,-121.99,2.222
2.2566,42.0,5.272232304900181,1.0181488203266789,1457.0,2.644283121597096,37.32,-121.03,0.821
3.0503,25.0,4.041284403669724,1.1577981651376146,2178.0,1.998165137614679,33.77,-118.17,2.25
4.5556,17.0,8.79058327477161,1.7287420941672522,2737.0,1.9234012649332397,33.71,-116.38,2.581
5.4381,42.0,6.451923076923077,1.1682692307692308,615.0,2.956730769230769,33.98,-118.06,1.869
4.6607,4.0,5.012295081967213,1.1270491803278688,505.0,2.069672131147541,33.51,-117.69,1.73
3.2625,27.0,5.145907473309609,1.0498220640569396,670.0,2.3843416370106763,39.22,-122.04,0.928
3.3625,19.0,9.68108108108108,1.9837837837837837,327.0,1.7675675675675675,33.28,-116.32,1.0
3.6187,34.0,4.4124748490945676,1.0321931589537223,1299.0,2.613682092555332,34.22,-118.54,2.116
3.676,12.0,4.790322580645161,0.9863523573200993,2129.0,2.641439205955335,38.28,-122.04,1.35
2.8821,28.0,4.385653409090909,1.0291193181818181,5041.0,3.5802556818181817,34.04,-118.02,1.581
3.725,35.0,5.87468671679198,1.0902255639097744,1531.0,3.837092731829574,34.24,-118.44,1.782
3.625,22.0,5.161616161616162,0.9797979797979798,517.0,2.611111111111111,37.92,-120.4,0.994
2.5179,26.0,5.334174022698613,1.0378310214375788,2789.0,3.5170239596469104,34.71,-118.12,1.04
4.7917,36.0,5.970223325062035,1.0818858560794045,1189.0,2.9503722084367245,37.57,-122.3,2.761
5.5875,3.0,6.875930521091812,1.0272952853598014,2506.0,3.109181141439206,34.07,-117.14,1.62
3.0902,26.0,4.168042010502625,1.048762190547637,4545.0,3.40960240060015,33.77,-117.91,1.904
1.825,50.0,4.841463414634147,1.1073170731707318,1090.0,2.658536585365854,33.98,-118.31,1.066
5.8343,15.0,6.598726114649682,0.9490445859872612,395.0,2.515923566878981,32.95,-117.26,5.00001
3.3173,18.0,5.645372645372645,1.1236691236691236,2837.0,2.3235053235053234,34.65,-118.29,2.184
1.6528,32.0,4.544776119402985,1.2350746268656716,620.0,2.3134328358208953,40.75,-124.21,0.581
5.1098,16.0,5.814878892733564,0.9290657439446367,1754.0,3.0346020761245676,32.74,-116.98,1.623
3.2721,11.0,4.522935779816514,1.0428134556574924,1476.0,4.513761467889908,37.39,-120.71,0.738
1.3657,50.0,3.9583333333333335,1.4333333333333333,483.0,4.025,32.7,-117.15,1.625
4.8304,25.0,6.46455223880597,1.0559701492537314,1722.0,3.212686567164179,34.12,-117.84,2.289
2.0398,46.0,4.911528150134048,0.9785522788203753,975.0,2.613941018766756,37.96,-121.32,0.881
5.1519,15.0,5.067019400352733,0.9647266313932981,1582.0,2.7901234567901234,37.01,-121.58,2.647
4.1449,37.0,5.769230769230769,1.0532544378698225,1183.0,3.5,33.93,-118.09,1.753
2.7311,32.0,3.9369202226345084,1.0964749536178107,1929.0,3.5788497217068644,34.0,-118.1,1.693
3.0225,30.0,3.801857585139319,1.108359133126935,1603.0,4.962848297213622,34.01,-118.17,1.308
5.5675,36.0,5.376623376623376,1.0064935064935066,817.0,2.6525974025974026,34.21,-118.5,2.159
3.6607,22.0,5.744493392070485,1.224669603524229,887.0,3.907488986784141,36.85,-121.73,2.063
4.25,37.0,5.346067415730337,1.0382022471910113,1327.0,2.9820224719101125,33.93,-118.32,1.721
3.0833,29.0,5.434108527131783,0.9819121447028424,1124.0,2.904392764857881,38.69,-121.37,0.87
3.6823,18.0,4.003267973856209,1.0359477124183007,694.0,2.2679738562091503,34.41,-119.71,2.55
5.6277,14.0,5.72409823484267,1.0391404451266308,8012.0,3.074443591711435,37.58,-122.04,2.698
2.895,49.0,3.758771929824561,0.8596491228070176,694.0,3.043859649122807,33.99,-118.31,1.08
4.8646,29.0,5.150485436893204,0.9805825242718447,759.0,3.6844660194174756,32.58,-117.1,1.368
3.3182,24.0,5.88911704312115,1.0821355236139631,1284.0,2.6365503080082138,38.63,-121.29,2.13
3.7958,17.0,5.777158774373259,1.064066852367688,1035.0,2.883008356545961,34.75,-120.18,4.0
5.6345,18.0,5.6246105919003115,0.956386292834891,2381.0,3.708722741433022,37.33,-121.79,2.31
3.4286,34.0,5.886831275720165,1.0493827160493827,1375.0,2.8292181069958846,35.34,-119.02,0.714
3.5441,14.0,5.980535279805353,1.0535279805352797,1352.0,3.289537712895377,35.37,-118.87,0.87
3.3594,22.0,5.623115577889447,1.1055276381909547,565.0,2.8391959798994977,37.92,-122.32,1.869
3.3571,17.0,6.083333333333333,1.1027131782945736,1612.0,3.124031007751938,34.06,-117.38,1.123
4.0313,35.0,4.746268656716418,1.044776119402985,1299.0,3.8776119402985074,33.91,-118.15,1.632
5.0849,18.0,6.6207674943566595,1.0857787810383748,1279.0,2.8871331828442437,38.24,-122.61,1.885
1.2634,28.0,3.272727272727273,0.9795454545454545,2178.0,4.95,36.34,-119.29,0.506
4.6326,29.0,4.7828125,0.95625,2396.0,3.74375,33.85,-118.01,1.952
5.2852,25.0,6.74,1.05,660.0,3.3,33.99,-117.96,2.976
3.2371,33.0,4.289699570815451,1.0085836909871244,2170.0,4.656652360515022,33.92,-118.05,1.547
8.1248,18.0,7.85130890052356,1.0219895287958116,3189.0,3.339267015706806,34.32,-118.52,3.74
3.8558,15.0,6.086687306501548,1.0247678018575852,1118.0,3.461300309597523,34.07,-117.39,1.227
4.2885,16.0,5.71733771569433,1.0682004930156122,2965.0,2.436318816762531,37.25,-121.86,2.624
3.2188,38.0,5.571942446043166,1.0359712230215827,636.0,2.287769784172662,32.76,-117.06,1.505
5.0596,38.0,5.376413570274637,1.0096930533117932,1455.0,2.3505654281098547,33.93,-118.41,3.639
2.7279,34.0,3.404063205417607,1.090293453724605,774.0,1.747178329571106,37.39,-122.09,3.656
6.4321,5.0,7.17981072555205,0.9810725552050473,1158.0,3.6529968454258674,32.98,-117.13,2.719
2.4511,37.0,4.992957746478873,1.3169014084507042,390.0,2.7464788732394365,33.2,-115.6,0.725
6.5851,26.0,7.989949748743719,0.9849246231155779,654.0,3.28643216080402,34.21,-118.88,3.0
2.8967,47.0,4.670329670329671,1.0073260073260073,844.0,3.0915750915750917,37.94,-122.35,0.956
5.6018,16.0,6.767241379310345,0.9913793103448276,1014.0,2.913793103448276,38.37,-122.71,2.53
6.5253,24.0,7.28125,1.00625,911.0,2.846875,38.03,-122.57,3.877
5.1498,35.0,7.256130790190736,1.0544959128065394,1086.0,2.9591280653950953,37.71,-122.09,2.664
5.0165,35.0,6.035714285714286,1.2969924812030076,2755.0,2.5892857142857144,37.17,-122.16,2.023
4.1429,39.0,4.732793522267206,0.979757085020243,612.0,2.477732793522267,34.19,-118.41,2.0
1.62,19.0,3.2835249042145596,1.0102171136653895,1205.0,1.5389527458492975,32.64,-117.09,1.313
3.4838,30.0,7.206060606060606,1.5454545454545454,446.0,2.703030303030303,37.8,-120.2,1.125
4.6648,21.0,6.036827195467422,0.9320113314447592,1094.0,3.0991501416430594,34.87,-120.43,1.93
2.0682,34.0,3.844690966719493,1.0237717908082409,2116.0,3.353407290015848,34.35,-119.06,1.583
4.8667,34.0,5.712418300653595,1.0,549.0,3.588235294117647,33.84,-117.97,1.868
4.6786,52.0,4.642228739002933,1.0175953079178885,935.0,2.7419354838709675,37.73,-122.43,2.632
4.8152,36.0,5.637323943661972,1.0211267605633803,715.0,2.517605633802817,33.97,-118.03,2.324
6.5206,14.0,6.1907790143084265,1.068362480127186,1490.0,2.368839427662957,33.47,-117.71,3.685
5.5842,5.0,6.92914653784219,0.9871175523349437,2206.0,3.5523349436392913,38.04,-121.35,1.591
3.3681,52.0,4.541953232462173,1.1953232462173315,1178.0,1.6203576341127923,37.79,-122.41,5.00001
5.0866,45.0,5.710407239819005,1.009049773755656,637.0,2.8823529411764706,34.03,-118.42,4.273
6.0335,38.0,5.252873563218391,1.0114942528735633,519.0,2.9827586206896552,33.86,-118.33,2.554
4.1146,28.0,4.842271293375394,1.0410094637223974,1937.0,6.110410094637224,37.33,-121.84,1.601
7.7517,11.0,8.506024096385541,1.1144578313253013,529.0,3.1867469879518073,33.01,-116.99,5.00001
3.38,28.0,4.064233576642335,1.0744525547445256,1534.0,2.2394160583941605,37.58,-122.33,2.854
3.5234,31.0,4.220588235294118,1.0833333333333333,1675.0,2.7369281045751634,33.91,-118.35,2.65
5.8151,6.0,6.402616279069767,1.0421511627906976,2071.0,3.010174418604651,37.58,-122.0,2.956
3.8086,25.0,4.608638743455497,1.1151832460732984,1524.0,1.9947643979057592,33.92,-118.42,3.613
3.7772,26.0,5.412413793103449,1.0772413793103448,2332.0,3.216551724137931,33.85,-117.88,2.239
5.5779,16.0,5.938223938223938,1.0038610038610039,835.0,3.223938223938224,33.65,-117.65,2.348
5.4364,34.0,5.456834532374101,1.0035971223021583,2208.0,2.647482014388489,37.61,-122.47,2.793
4.4391,14.0,5.280561122244489,1.034068136272545,1150.0,2.3046092184368736,33.68,-117.8,3.067
7.9283,13.0,7.703016241299304,0.988399071925754,1432.0,3.3225058004640373,33.59,-117.69,3.481
2.9063,52.0,6.590443686006826,1.1228668941979523,1025.0,3.4982935153583616,37.73,-122.39,1.92
2.1221,50.0,5.509708737864078,1.0946601941747574,1000.0,2.4271844660194173,33.97,-118.3,1.194
4.0625,47.0,5.122302158273381,1.079136690647482,632.0,2.273381294964029,34.05,-118.36,2.952
2.4798,36.0,5.8120805369127515,1.0738255033557047,502.0,3.3691275167785233,37.79,-121.2,1.015
1.7292,31.0,5.2987551867219915,1.0912863070539418,600.0,2.4896265560165975,41.46,-122.9,0.617
3.6681,34.0,5.326760563380281,0.9098591549295775,966.0,2.72112676056338,36.79,-119.71,0.82
4.8333,9.0,5.201092896174863,1.0098360655737706,1884.0,2.059016393442623,34.24,-118.63,2.772
3.8906,15.0,4.832386363636363,0.9829545454545454,723.0,2.053977272727273,38.67,-121.27,1.287
2.4722,52.0,2.767871485943775,1.0923694779116466,1768.0,1.4200803212851405,34.06,-118.35,5.00001
4.0542,20.0,4.722175732217573,1.0301255230125523,3841.0,3.214225941422594,33.84,-118.06,1.684
2.5179,18.0,5.536231884057971,1.855072463768116,194.0,2.8115942028985508,32.84,-116.28,0.588
3.6579,48.0,4.557726465364121,1.014209591474245,1421.0,2.523978685612789,34.1,-118.26,3.186
3.9875,24.0,6.076517150395778,1.0527704485488127,851.0,2.2453825857519787,33.43,-117.61,3.465
1.8606,32.0,4.717703349282297,1.0685805422647527,1504.0,2.398724082934609,36.34,-119.64,0.567
1.8413,28.0,5.041958041958042,1.1643356643356644,832.0,2.909090909090909,39.1,-121.57,0.623
10.7058,52.0,8.433898305084746,0.9525423728813559,805.0,2.7288135593220337,37.79,-122.49,5.00001
3.8594,52.0,4.962962962962963,1.0317460317460319,393.0,2.0793650793650795,37.86,-122.28,1.964
2.0881,24.0,5.078407720144753,1.1097708082026538,1283.0,1.5476477683956573,33.71,-117.2,0.833
2.0284,52.0,4.511904761904762,1.132936507936508,1167.0,2.3154761904761907,33.98,-117.38,1.016
2.1324,36.0,3.671186440677966,1.159322033898305,1023.0,3.4677966101694917,34.03,-118.36,1.438
2.8942,31.0,3.914368650217707,1.0246734397677795,1059.0,1.537010159651669,34.09,-118.37,5.00001
2.2813,15.0,4.998011928429423,0.9582504970178927,1166.0,2.3180914512922466,38.72,-121.3,1.319
2.5343,39.0,4.216931216931217,1.1375661375661377,1668.0,4.412698412698413,34.09,-118.2,1.382
7.8627,24.0,7.1451149425287355,1.0186781609195403,1692.0,2.4310344827586206,37.26,-122.04,5.00001
4.7583,35.0,6.609427609427609,1.0437710437710437,919.0,3.0942760942760943,34.23,-118.48,2.586
3.425,38.0,4.031719532554257,1.0717863105175292,3242.0,5.412353923205342,33.74,-117.86,1.656
5.4346,17.0,6.261168384879725,1.5051546391752577,578.0,1.986254295532646,34.08,-119.0,4.286
2.3387,25.0,4.603975535168196,1.091743119266055,893.0,1.3654434250764527,33.6,-117.71,0.748
3.4237,4.0,5.966887417218543,1.1715833835039133,5145.0,3.0975316074653825,33.81,-117.22,1.137
5.057,46.0,5.21978021978022,1.0366300366300367,782.0,2.8644688644688645,33.98,-118.36,2.463
5.0374,30.0,5.412955465587045,1.0242914979757085,838.0,3.3927125506072873,36.74,-121.62,1.654
5.2539,52.0,4.965337954939342,1.0277296360485269,1029.0,1.783362218370884,37.8,-122.44,5.00001
9.9055,19.0,9.830769230769231,1.1692307692307693,822.0,3.1615384615384614,33.81,-117.82,4.569
2.9647,11.0,5.180218446601942,0.9969660194174758,4224.0,2.563106796116505,38.49,-121.38,1.089
3.2154,20.0,4.133444338725024,1.0601807802093244,7450.0,1.7721217887725975,34.17,-118.52,2.596
4.3651,2.0,6.621134020618556,1.1108247422680413,1232.0,3.1752577319587627,33.61,-117.12,1.456
3.0714,31.0,4.231378763866878,1.0491283676703644,1535.0,2.4326465927099843,34.04,-118.44,3.478
1.2083,41.0,5.7924528301886795,1.3018867924528301,522.0,3.2830188679245285,37.76,-122.19,0.725
5.308,33.0,5.712250712250713,1.1168091168091168,1043.0,2.9715099715099713,34.44,-119.15,2.979
2.774,38.0,4.809523809523809,0.981859410430839,1547.0,3.507936507936508,35.39,-118.97,0.595
5.6533,35.0,5.209923664122138,0.9770992366412213,662.0,2.5267175572519083,37.37,-122.05,2.914
5.1589,3.0,4.2020905923344944,0.89198606271777,563.0,1.961672473867596,33.66,-117.59,1.678
3.5781,4.0,19.178571428571427,2.8452380952380953,275.0,3.2738095238095237,33.89,-117.13,2.444
2.1759,16.0,4.904958677685951,1.078512396694215,1115.0,4.607438016528926,33.62,-114.61,0.615
3.5481,36.0,4.767045454545454,0.9176136363636364,1380.0,3.9204545454545454,33.97,-118.08,1.633
4.4732,25.0,4.712616822429907,1.060747663551402,1024.0,2.392523364485981,33.68,-117.92,2.456
4.0739,21.0,5.98816029143898,1.006375227686703,3358.0,3.058287795992714,38.69,-121.3,1.154
4.25,27.0,4.775665399239544,1.0,3033.0,5.766159695817491,37.34,-121.84,1.629
3.9837,31.0,5.018651362984218,1.0444763271162123,2098.0,3.010043041606887,33.87,-118.09,2.46
5.8283,34.0,7.005665722379604,1.084985835694051,967.0,2.7393767705382435,33.79,-118.07,3.624
2.5902,17.0,4.307913669064749,1.1971223021582733,1571.0,2.260431654676259,34.68,-118.16,0.854
3.9615,45.0,4.361746361746362,1.0103950103950103,1343.0,2.7920997920997923,34.02,-118.38,2.686
4.125,12.0,4.37219730941704,1.095291479820628,1690.0,1.8946188340807175,32.98,-117.26,2.269
3.4152,34.0,4.691358024691358,1.0599647266313934,1475.0,2.601410934744268,33.75,-117.83,2.102
1.1296,34.0,4.356502242152466,1.1210762331838564,1078.0,2.4170403587443947,34.7,-118.13,0.938
1.9625,35.0,5.104477611940299,1.1865671641791045,900.0,2.2388059701492535,40.11,-123.75,1.015
5.0672,24.0,5.919776119402985,1.0223880597014925,1351.0,2.5205223880597014,37.95,-122.08,2.43
2.6333,33.0,3.743529411764706,1.0847058823529412,794.0,1.868235294117647,32.76,-117.13,1.4
3.1875,30.0,4.171487603305785,1.1384297520661157,2481.0,5.12603305785124,34.06,-118.04,1.542
4.3458,21.0,5.660433070866142,1.06496062992126,2230.0,2.1948818897637796,34.24,-118.55,4.075
4.3583,36.0,6.1139896373057,1.049222797927461,1479.0,3.83160621761658,33.82,-117.92,1.872
6.5704,26.0,6.239221140472879,0.9860917941585535,1873.0,2.6050069541029206,33.76,-118.31,4.147
6.9133,8.0,5.976470588235294,1.026470588235294,862.0,2.5352941176470587,33.68,-117.8,2.741
5.1074,27.0,5.2835820895522385,0.9365671641791045,1024.0,3.8208955223880596,34.28,-118.77,1.852
3.2174,17.0,6.756521739130434,1.0521739130434782,553.0,2.4043478260869566,39.49,-121.47,0.918
1.631,34.0,4.516312056737589,1.0950354609929078,2474.0,3.5092198581560283,34.02,-118.3,1.375
4.7143,35.0,6.103092783505154,1.0309278350515463,572.0,2.948453608247423,37.65,-122.09,1.938
4.375,27.0,5.205741626794258,1.0574162679425838,1440.0,3.444976076555024,33.8,-117.9,2.125
2.369,29.0,4.030534351145038,1.1251908396946564,1795.0,2.7404580152671754,34.12,-118.18,1.734
5.4842,22.0,5.1553956834532375,1.0906474820143885,1792.0,2.57841726618705,37.3,-122.03,3.353
4.325,42.0,4.799485861182519,1.0231362467866323,927.0,2.3830334190231364,37.3,-121.88,2.47
4.775,24.0,5.560457516339869,1.0718954248366013,2829.0,4.622549019607843,37.29,-121.84,1.919
2.5556,29.0,3.9364864864864866,1.0635135135135134,3803.0,5.139189189189189,33.96,-118.17,1.465
2.2019,13.0,4.333333333333333,1.150462962962963,1927.0,4.460648148148148,34.25,-118.4,1.342
6.3586,23.0,7.651761517615176,1.065040650406504,2050.0,2.7777777777777777,34.18,-118.83,3.483
5.3925,51.0,5.0067796610169495,0.9491525423728814,750.0,2.542372881355932,34.2,-118.23,3.179
2.5125,5.0,4.817472698907956,1.109204368174727,1415.0,2.207488299531981,33.98,-117.89,1.845
4.7813,17.0,7.31767955801105,1.0662983425414365,1057.0,2.9198895027624308,34.9,-120.37,3.268
2.64,45.0,4.847494553376906,1.0588235294117647,1304.0,2.840958605664488,37.93,-122.34,1.121
7.7072,34.0,7.144486692015209,1.0076045627376427,729.0,2.7718631178707223,37.84,-122.02,4.438
7.1572,25.0,7.705882352941177,1.0341555977229602,1623.0,3.079696394686907,33.76,-118.04,2.949
3.1478,22.0,4.16583850931677,1.0788819875776396,2620.0,1.6273291925465838,34.17,-118.46,2.737
2.8438,34.0,4.620967741935484,1.0698924731182795,1444.0,3.881720430107527,33.82,-118.21,1.393
3.3667,45.0,4.992592592592593,0.9814814814814815,639.0,2.3666666666666667,39.15,-123.22,1.152
2.8681,12.0,4.27751756440281,1.1627634660421546,3215.0,3.7646370023419204,33.9,-118.17,1.142
5.5362,7.0,7.067741935483871,1.0451612903225806,1156.0,3.729032258064516,33.83,-117.53,1.956
3.4028,27.0,3.7062068965517243,1.0593103448275862,1362.0,1.8786206896551725,37.37,-122.05,3.242
3.5363,21.0,5.8580246913580245,1.0864197530864197,2907.0,2.990740740740741,40.73,-124.19,0.901
3.338,34.0,4.575916230366492,0.9982547993019197,1997.0,3.4851657940663174,34.19,-118.42,2.225
3.8095,28.0,5.874581939799331,1.060200668896321,1658.0,2.7725752508361206,40.72,-124.02,1.199
10.5941,18.0,7.537037037037037,0.9481481481481482,1580.0,2.925925925925926,35.34,-119.08,2.458
6.2552,20.0,7.7313769751693,1.0112866817155757,1489.0,3.36117381489842,32.78,-116.95,2.964
3.3936,15.0,5.532697547683924,1.1049046321525886,2884.0,3.9291553133514987,34.07,-117.62,1.27
2.9896,12.0,5.016863406408095,1.0590219224283306,1440.0,2.4283305227655987,38.56,-121.34,1.186
3.2917,29.0,5.792490118577075,1.0573122529644268,1954.0,3.8616600790513833,36.93,-121.73,2.247
5.4359,25.0,6.613095238095238,1.0138888888888888,1671.0,3.3154761904761907,37.51,-121.97,2.583
